
  {
    "function": "minecraft:set_attributes",
    "modifiers": [
      {
        "attribute": "minecraft:generic.attack_damage",
        "name": "",
        "amount": {
          "min": 0,
          "max": {
            "type": "minecraft:score",
            "target": {
              "type": "minecraft:fixed",
              "name": "*CustomModelData"
            },
            "score": "R"
          }
        },
        "operation": "addition",
        "slot": "mainhand"
      }
    ]
  }