[
  {
    "function": "minecraft:set_enchantments",
    "enchantments": {
      "minecraft:vanishing_curse": 1
    },
    "add": false,
    "conditions": [
      {
        "condition": "minecraft:random_chance",
        "chance": 0.2
      }
    ]
  },
  {
    "function": "minecraft:set_enchantments",
    "enchantments": {
      "minecraft:binding_curse": 1
    },
    "add": false,
    "conditions": [
      {
        "condition": "minecraft:random_chance",
        "chance": 0.2
      }
    ]
  },
  {
    "function": "minecraft:set_enchantments",
    "enchantments": {
      "minecraft:thorns": {
        "min": 1,
        "max": 4
      }
    },
    "add": false,
    "conditions": [
      {
        "condition": "minecraft:random_chance",
        "chance": 0.2
      }
    ]
  },
  {
    "function": "minecraft:set_enchantments",
    "enchantments": {
      "minecraft:unbreaking": {
        "min": 1,
        "max": 4
      }
    },
    "add": false,
    "conditions": [
      {
        "condition": "minecraft:random_chance",
        "chance": 0.3
      }
    ]
  },
  {
    "function": "minecraft:set_enchantments",
    "enchantments": {
      "minecraft:projectile_protection": {
        "min": 1,
        "max": 5
      }
    },
    "add": false,
    "conditions": [
      {
        "condition": "minecraft:random_chance",
        "chance": 0.3
      }
    ]
  },
  {
    "function": "minecraft:set_enchantments",
    "enchantments": {
      "minecraft:blast_protection": {
        "min": 1,
        "max": 5
      }
    },
    "add": false,
    "conditions": [
      {
        "condition": "minecraft:random_chance",
        "chance": 0.3
      }
    ]
  },
  {
    "function": "minecraft:set_enchantments",
    "enchantments": {
      "minecraft:fire_protection": {
        "min": 1,
        "max": 5
      }
    },
    "add": false,
    "conditions": [
      {
        "condition": "minecraft:random_chance",
        "chance": 0.3
      }
    ]
  },
  {
    "function": "minecraft:set_enchantments",
    "enchantments": {
      "minecraft:protection": {
        "min": 1,
        "max": 5
      }
    },
    "add": false,
    "conditions": [
      {
        "condition": "minecraft:random_chance",
        "chance": 0.3
      }
    ]
  }
]