[
  {
    "function": "minecraft:set_enchantments",
    "enchantments": {
      "minecraft:sweeping": {
        "min": 1,
        "max": 4
      }
    },
    "add": false,
    "conditions": [
      {
        "condition": "minecraft:random_chance",
        "chance": 0.3
      }
    ]
  },
  {
    "function": "minecraft:set_enchantments",
    "enchantments": {
      "minecraft:looting": {
        "min": 1,
        "max": 4
      }
    },
    "add": false,
    "conditions": [
      {
        "condition": "minecraft:random_chance",
        "chance": 0.3
      }
    ]
  },
  {
    "function": "minecraft:set_enchantments",
    "enchantments": {
      "minecraft:fire_aspect": {
        "min": 1,
        "max": 3
      }
    },
    "add": false,
    "conditions": [
      {
        "condition": "minecraft:random_chance",
        "chance": 0.3
      }
    ]
  },
  {
    "function": "minecraft:set_enchantments",
    "enchantments": {
      "minecraft:knockback": {
        "min": 1,
        "max": 3
      }
    },
    "add": false,
    "conditions": [
      {
        "condition": "minecraft:random_chance",
        "chance": 0.3
      }
    ]
  },
  {
    "function": "minecraft:set_enchantments",
    "enchantments": {
      "minecraft:bane_of_arthropods": {
        "min": 1,
        "max": 6
      }
    },
    "add": false,
    "conditions": [
      {
        "condition": "minecraft:random_chance",
        "chance": 0.3
      }
    ]
  },
  {
    "function": "minecraft:set_enchantments",
    "enchantments": {
      "minecraft:smite": {
        "min": 1,
        "max": 6
      }
    },
    "add": false,
    "conditions": [
      {
        "condition": "minecraft:random_chance",
        "chance": 0.3
      }
    ]
  },
  {
    "function": "minecraft:set_enchantments",
    "enchantments": {
      "minecraft:sharpness": {
        "min": 1,
        "max": 6
      }
    },
    "add": false,
    "conditions": [
      {
        "condition": "minecraft:random_chance",
        "chance": 0.3
      }
    ]
  },
  {
    "function": "minecraft:set_enchantments",
    "enchantments": {
      "minecraft:unbreaking": {
        "min": 1,
        "max": 4
      }
    },
    "add": false,
    "conditions": [
      {
        "condition": "minecraft:random_chance",
        "chance": 0.3
      }
    ]
  },
  {
    "function": "minecraft:set_enchantments",
    "enchantments": {
      "minecraft:mending": 1
    },
    "add": false,
    "conditions": [
      {
        "condition": "minecraft:random_chance",
        "chance": 0.1
      }
    ]
  },
  {
    "function": "minecraft:set_enchantments",
    "enchantments": {
      "minecraft:vanishing_curse": 1
    },
    "add": false,
    "conditions": [
      {
        "condition": "minecraft:random_chance",
        "chance": 0.2
      }
    ]
  }
]