[
  {
    "function": "minecraft:set_enchantments",
    "enchantments": {
      "minecraft:vanishing_curse": 1
    },
    "add": false,
    "conditions": [
      {
        "condition": "minecraft:inverted",
        "term": {
          "condition": "minecraft:entity_properties",
          "entity": "this",
          "predicate": {
            "equipment": {
              "offhand": {
                "tag": "minecraft:weapons/miner_l"
              }
            }
          }
        }
      },
      {
        "condition": "minecraft:random_chance",
        "chance": 0.2
      }
    ]
  },
  {
    "function": "minecraft:set_enchantments",
    "enchantments": {
      "minecraft:mending": 1
    },
    "add": false,
    "conditions": [
      {
        "condition": "minecraft:inverted",
        "term": {
          "condition": "minecraft:entity_properties",
          "entity": "this",
          "predicate": {
            "equipment": {
              "offhand": {
                "tag": "minecraft:weapons/miner_l"
              }
            }
          }
        }
      },
      {
        "condition": "minecraft:random_chance",
        "chance": 0.1
      }
    ]
  },
  {
    "function": "minecraft:set_enchantments",
    "enchantments": {
      "minecraft:unbreaking": {
        "min": 1,
        "max": 4
      }
    },
    "add": false,
    "conditions": [
      {
        "condition": "minecraft:inverted",
        "term": {
          "condition": "minecraft:entity_properties",
          "entity": "this",
          "predicate": {
            "equipment": {
              "offhand": {
                "tag": "minecraft:weapons/miner_l"
              }
            }
          }
        }
      },
      {
        "condition": "minecraft:random_chance",
        "chance": 0.3
      }
    ]
  },
  {
    "function": "minecraft:set_enchantments",
    "enchantments": {
      "minecraft:fortune": {
        "min": 1,
        "max": 4
      }
    },
    "add": false,
    "conditions": [
      {
        "condition": "minecraft:inverted",
        "term": {
          "condition": "minecraft:entity_properties",
          "entity": "this",
          "predicate": {
            "equipment": {
              "offhand": {
                "tag": "minecraft:weapons/miner_l"
              }
            }
          }
        }
      },
      {
        "condition": "minecraft:inverted",
        "term": {
          "condition": "minecraft:entity_properties",
          "entity": "this",
          "predicate": {
            "equipment": {
              "offhand": {
                "enchantments": [
                  {
                    "enchantment": "minecraft:silk_touch"
                  }
                ]
              }
            }
          }
        }
      },
      {
        "condition": "minecraft:random_chance",
        "chance": 0.3
      }
    ]
  },
  {
    "function": "minecraft:set_enchantments",
    "enchantments": {
      "minecraft:silk_touch": 1
    },
    "add": false,
    "conditions": [
      {
        "condition": "minecraft:inverted",
        "term": {
          "condition": "minecraft:entity_properties",
          "entity": "this",
          "predicate": {
            "equipment": {
              "offhand": {
                "tag": "minecraft:weapons/miner_l"
              }
            }
          }
        }
      },
      {
        "condition": "minecraft:inverted",
        "term": {
          "condition": "minecraft:entity_properties",
          "entity": "this",
          "predicate": {
            "equipment": {
              "offhand": {
                "enchantments": [
                  {
                    "enchantment": "minecraft:fortune"
                  }
                ]
              }
            }
          }
        }
      },
      {
        "condition": "minecraft:random_chance",
        "chance": 0.3
      }
    ]
  },
  {
    "function": "minecraft:set_enchantments",
    "enchantments": {
      "minecraft:efficiency": {
        "min": 1,
        "max": 6
      }
    },
    "add": false,
    "conditions": [
      {
        "condition": "minecraft:inverted",
        "term": {
          "condition": "minecraft:entity_properties",
          "entity": "this",
          "predicate": {
            "equipment": {
              "offhand": {
                "tag": "minecraft:weapons/miner_l"
              }
            }
          }
        }
      },
      {
        "condition": "minecraft:random_chance",
        "chance": 0.3
      }
    ]
  }
]