[
  {
    "function": "minecraft:set_enchantments",
    "enchantments": {
      "minecraft:punch": {
        "min": 1,
        "max": 3
      }
    },
    "add": false,
    "conditions": [
      {
        "condition": "minecraft:inverted",
        "term": {
          "condition": "minecraft:match_tool",
          "predicate": {
            "items": [
              "minecraft:enchanted_golden_apple",
              "minecraft:golden_apple"
            ],
            "tag": "minecraft:arrows"
          }
        }
      },
      {
        "condition": "minecraft:random_chance",
        "chance": 0.3
      }
    ]
  },
  {
    "function": "minecraft:set_enchantments",
    "enchantments": {
      "minecraft:flame": 1
    },
    "add": false,
    "conditions": [
      {
        "condition": "minecraft:inverted",
        "term": {
          "condition": "minecraft:match_tool",
          "predicate": {
            "items": [
              "minecraft:enchanted_golden_apple",
              "minecraft:golden_apple"
            ],
            "tag": "minecraft:arrows"
          }
        }
      },
      {
        "condition": "minecraft:random_chance",
        "chance": 0.3
      }
    ]
  },
  {
    "function": "minecraft:set_enchantments",
    "enchantments": {
      "minecraft:infinity": 1
    },
    "add": false,
    "conditions": [
      {
        "condition": "minecraft:inverted",
        "term": {
          "condition": "minecraft:match_tool",
          "predicate": {
            "items": [
              "minecraft:enchanted_golden_apple",
              "minecraft:golden_apple"
            ],
            "tag": "minecraft:arrows"
          }
        }
      },
      {
        "condition": "minecraft:random_chance",
        "chance": 0.3
      }
    ]
  },
  {
    "function": "minecraft:set_enchantments",
    "enchantments": {
      "minecraft:power": {
        "min": 1,
        "max": 6
      }
    },
    "add": false,
    "conditions": [
      {
        "condition": "minecraft:inverted",
        "term": {
          "condition": "minecraft:match_tool",
          "predicate": {
            "items": [
              "minecraft:enchanted_golden_apple",
              "minecraft:golden_apple"
            ],
            "tag": "minecraft:arrows"
          }
        }
      },
      {
        "condition": "minecraft:random_chance",
        "chance": 0.3
      }
    ]
  },
  {
    "function": "minecraft:set_enchantments",
    "enchantments": {
      "minecraft:unbreaking": {
        "min": 1,
        "max": 4
      }
    },
    "add": false,
    "conditions": [
      {
        "condition": "minecraft:inverted",
        "term": {
          "condition": "minecraft:match_tool",
          "predicate": {
            "items": [
              "minecraft:enchanted_golden_apple",
              "minecraft:golden_apple"
            ],
            "tag": "minecraft:arrows"
          }
        }
      },
      {
        "condition": "minecraft:random_chance",
        "chance": 0.3
      }
    ]
  },
  {
    "function": "minecraft:set_enchantments",
    "enchantments": {
      "minecraft:mending": 1
    },
    "add": false,
    "conditions": [
      {
        "condition": "minecraft:inverted",
        "term": {
          "condition": "minecraft:match_tool",
          "predicate": {
            "items": [
              "minecraft:enchanted_golden_apple",
              "minecraft:golden_apple"
            ],
            "tag": "minecraft:arrows"
          }
        }
      },
      {
        "condition": "minecraft:random_chance",
        "chance": 0.1
      }
    ]
  },
  {
    "function": "minecraft:set_enchantments",
    "enchantments": {
      "minecraft:vanishing_curse": 1
    },
    "add": false,
    "conditions": [
      {
        "condition": "minecraft:inverted",
        "term": {
          "condition": "minecraft:match_tool",
          "predicate": {
            "items": [
              "minecraft:enchanted_golden_apple",
              "minecraft:golden_apple"
            ],
            "tag": "minecraft:arrows"
          }
        }
      },
      {
        "condition": "minecraft:random_chance",
        "chance": 0.2
      }
    ]
  }
]