[
  {
    "function": "minecraft:set_enchantments",
    "enchantments": {
      "minecraft:frost_walker": {
        "min": 1,
        "max": 3
      }
    },
    "add": false,
    "conditions": [
      {
        "condition": "minecraft:entity_properties",
        "entity": "this",
        "predicate": {
          "equipment": {
            "feet": {
              "items": [
                "minecraft:netherite_boots",
                "minecraft:diamond_boots",
                "minecraft:iron_boots",
                "minecraft:chainmail_boots",
                "minecraft:golden_boots",
                "minecraft:leather_boots"
              ]
            }
          }
        }
      },
      {
        "condition": "minecraft:random_chance",
        "chance": 0.1
      }
    ]
  },
  {
    "function": "minecraft:set_enchantments",
    "enchantments": {
      "minecraft:depth_strider": {
        "min": 1,
        "max": 4
      }
    },
    "add": false,
    "conditions": [
      {
        "condition": "minecraft:entity_properties",
        "entity": "this",
        "predicate": {
          "equipment": {
            "feet": {
              "items": [
                "minecraft:netherite_boots",
                "minecraft:diamond_boots",
                "minecraft:iron_boots",
                "minecraft:chainmail_boots",
                "minecraft:golden_boots",
                "minecraft:leather_boots"
              ]
            }
          }
        }
      },
      {
        "condition": "minecraft:random_chance",
        "chance": 0.1
      }
    ]
  },
  {
    "function": "minecraft:set_enchantments",
    "enchantments": {
      "minecraft:soul_speed": {
        "min": 1,
        "max": 4
      }
    },
    "add": false,
    "conditions": [
      {
        "condition": "minecraft:entity_properties",
        "entity": "this",
        "predicate": {
          "equipment": {
            "feet": {
              "items": [
                "minecraft:netherite_boots",
                "minecraft:diamond_boots",
                "minecraft:iron_boots",
                "minecraft:chainmail_boots",
                "minecraft:golden_boots",
                "minecraft:leather_boots"
              ]
            }
          }
        }
      },
      {
        "condition": "minecraft:random_chance",
        "chance": 0.1
      }
    ]
  },
  {
    "function": "minecraft:set_enchantments",
    "enchantments": {
      "minecraft:feather_falling": {
        "min": 1,
        "max": 5
      }
    },
    "add": false,
    "conditions": [
      {
        "condition": "minecraft:entity_properties",
        "entity": "this",
        "predicate": {
          "equipment": {
            "feet": {
              "items": [
                "minecraft:netherite_boots",
                "minecraft:diamond_boots",
                "minecraft:iron_boots",
                "minecraft:chainmail_boots",
                "minecraft:golden_boots",
                "minecraft:leather_boots"
              ]
            }
          }
        }
      },
      {
        "condition": "minecraft:random_chance",
        "chance": 0.1
      }
    ]
  }
]