[
  {
    "function": "minecraft:set_enchantments",
    "enchantments": {
      "minecraft:unbreaking": {
        "min": 1,
        "max": 4
      }
    },
    "conditions": [
      {
        "condition": "minecraft:random_chance",
        "chance": 0.3
      }
    ]
  },
  {
    "function": "minecraft:set_enchantments",
    "enchantments": {
      "minecraft:vanishing_curse": 1
    },
    "conditions": [
      {
        "condition": "minecraft:random_chance",
        "chance": 0.2
      }
    ]
  },
  {
    "function": "minecraft:set_enchantments",
    "enchantments": {
      "minecraft:mending": 1
    },
    "conditions": [
      {
        "condition": "minecraft:random_chance",
        "chance": 0.1
      }
    ]
  },
  {
    "function": "minecraft:set_enchantments",
    "enchantments": {
      "minecraft:riptide": {
        "min": 1,
        "max": 4
      }
    },
    "conditions": [
      {
        "condition": "minecraft:random_chance",
        "chance": 0.3
      }
    ]
  },
  {
    "function": "minecraft:set_enchantments",
    "enchantments": {
      "minecraft:impaling": {
        "min": 1,
        "max": 6
      }
    },
    "conditions": [
      {
        "condition": "minecraft:random_chance",
        "chance": 0.3
      }
    ]
  },
  {
    "function": "minecraft:set_enchantments",
    "enchantments": {
      "minecraft:loyalty": {
        "min": 1,
        "max": 4
      }
    },
    "conditions": [
      {
        "condition": "minecraft:random_chance",
        "chance": 0.3
      }
    ]
  },
  {
    "function": "minecraft:set_enchantments",
    "enchantments": {
      "minecraft:channeling": 1
    },
    "conditions": [
      {
        "condition": "minecraft:random_chance",
        "chance": 0.3
      }
    ]
  }
]