[
  {
    "function": "minecraft:set_enchantments",
    "enchantments": {},
    "add": false,
    "conditions": [
      {
        "condition": "minecraft:entity_properties",
        "entity": "this",
        "predicate": {
          "equipment": {
            "head": {
              "items": [
                "minecraft:turtle_helmet",
                "minecraft:netherite_helmet",
                "minecraft:diamond_helmet",
                "minecraft:iron_helmet",
                "minecraft:chainmail_helmet",
                "minecraft:golden_helmet",
                "minecraft:leather_helmet"
              ]
            }
          }
        }
      },
      {
        "condition": "minecraft:random_chance",
        "chance": 0.1
      }
    ]
  },
  {
    "function": "minecraft:set_enchantments",
    "enchantments": {
      "minecraft:respiration": {
        "min": 1,
        "max": 4
      }
    },
    "add": false,
    "conditions": [
      {
        "condition": "minecraft:entity_properties",
        "entity": "this",
        "predicate": {
          "equipment": {
            "head": {
              "items": [
                "minecraft:turtle_helmet",
                "minecraft:netherite_helmet",
                "minecraft:diamond_helmet",
                "minecraft:iron_helmet",
                "minecraft:chainmail_helmet",
                "minecraft:golden_helmet",
                "minecraft:leather_helmet"
              ]
            }
          }
        }
      },
      {
        "condition": "minecraft:random_chance",
        "chance": 0.1
      }
    ]
  }
]