[
  {
    "function": "minecraft:set_attributes",
    "modifiers": [
      {
        "attribute": "minecraft:generic.movement_speed",
        "name": "",
        "amount": {
          "min": -0.15,
          "max": 0.15
        },
        "operation": "multiply_base",
        "slot": "mainhand"
      }
    ],
    "conditions": [
      {
        "condition": "minecraft:random_chance",
        "chance": 0.2
      }
    ]
  },
  {
    "function": "minecraft:set_attributes",
    "modifiers": [
      {
        "attribute": "minecraft:generic.attack_speed",
        "name": "",
        "amount": {
          "min": -0.15,
          "max": 0.15
        },
        "operation": "multiply_base",
        "slot": "mainhand"
      }
    ],
    "conditions": [
      {
        "condition": "minecraft:random_chance",
        "chance": 0.2
      }
    ]
  },
  {
    "function": "minecraft:set_attributes",
    "modifiers": [
      {
        "attribute": "minecraft:generic.attack_damage",
        "name": "",
        "amount": {
          "min": -0.15,
          "max": 0.15
        },
        "operation": "multiply_base",
        "slot": "mainhand"
      }
    ],
    "conditions": [
      {
        "condition": "minecraft:random_chance",
        "chance": 0.2
      }
    ]
  },
  {
    "function": "minecraft:set_attributes",
    "modifiers": [
      {
        "attribute": "minecraft:generic.max_health",
        "name": "",
        "amount": {
          "min": -0.15,
          "max": 0.15
        },
        "operation": "multiply_base",
        "slot": "mainhand"
      }
    ],
    "conditions": [
      {
        "condition": "minecraft:random_chance",
        "chance": 0.2
      }
    ]
  }
]