[
  {
    "function": "minecraft:set_attributes",
    "modifiers": [
      {
        "attribute": "minecraft:generic.movement_speed",
        "name": "",
        "amount": {
          "min": -0.15,
          "max": 0.15
        },
        "operation": "multiply_base",
        "slot": "offhand"
      }
    ],
    "conditions": [
      {
        "condition": "minecraft:inverted",
        "term": {
          "condition": "minecraft:entity_properties",
          "entity": "this",
          "predicate": {
            "equipment": {
              "offhand": {
                "tag": "minecraft:weapons/miner_l"
              }
            }
          }
        }
      },
      {
        "condition": "minecraft:random_chance",
        "chance": 0.20
      }
    ]
  },
  {
    "function": "minecraft:set_attributes",
    "modifiers": [
      {
        "attribute": "minecraft:generic.attack_speed",
        "name": "",
        "amount": {
          "min": -0.15,
          "max": 0.15
        },
        "operation": "multiply_base",
        "slot": "offhand"
      }
    ],
    "conditions": [
      {
        "condition": "minecraft:inverted",
        "term": {
          "condition": "minecraft:entity_properties",
          "entity": "this",
          "predicate": {
            "equipment": {
              "offhand": {
                "tag": "minecraft:weapons/miner_l"
              }
            }
          }
        }
      },
      {
        "condition": "minecraft:random_chance",
        "chance": 0.20
      }
    ]
  },
  {
    "function": "minecraft:set_attributes",
    "modifiers": [
      {
        "attribute": "minecraft:generic.attack_damage",
        "name": "",
        "amount": {
          "min": -0.15,
          "max": 0.15
        },
        "operation": "multiply_base",
        "slot": "offhand"
      }
    ],
    "conditions": [
      {
        "condition": "minecraft:inverted",
        "term": {
          "condition": "minecraft:entity_properties",
          "entity": "this",
          "predicate": {
            "equipment": {
              "offhand": {
                "tag": "minecraft:weapons/miner_l"
              }
            }
          }
        }
      },
      {
        "condition": "minecraft:random_chance",
        "chance": 0.20
      }
    ]
  },
  {
    "function": "minecraft:set_attributes",
    "modifiers": [
      {
        "attribute": "minecraft:generic.max_health",
        "name": "",
        "amount": {
          "min": -0.2,
          "max": 0.2
        },
        "operation": "multiply_base",
        "slot": "offhand"
      }
    ],
    "conditions": [
      {
        "condition": "minecraft:inverted",
        "term": {
          "condition": "minecraft:entity_properties",
          "entity": "this",
          "predicate": {
            "equipment": {
              "offhand": {
                "tag": "minecraft:weapons/miner_l"
              }
            }
          }
        }
      },
      {
        "condition": "minecraft:random_chance",
        "chance": 0.20
      }
    ]
  },
  {
    "function": "minecraft:set_attributes",
    "modifiers": [
      {
        "attribute": "minecraft:generic.armor",
        "name": "",
        "amount": {
          "min": -0.15,
          "max": 0.15
        },
        "operation": "multiply_total",
        "slot": "offhand"
      }
    ],
    "conditions": [
      {
        "condition": "minecraft:inverted",
        "term": {
          "condition": "minecraft:entity_properties",
          "entity": "this",
          "predicate": {
            "equipment": {
              "offhand": {
                "tag": "minecraft:weapons/miner_l"
              }
            }
          }
        }
      },
      {
        "condition": "minecraft:random_chance",
        "chance": 0.3
      },
      {
        "condition": "minecraft:entity_properties",
        "entity": "this",
        "predicate": {
          "equipment": {
            "mainhand": {
              "items": [
                "minecraft:shield"
              ]
            }
          }
        }
      }
    ]
  },
  {
    "function": "minecraft:set_attributes",
    "modifiers": [
      {
        "attribute": "minecraft:generic.armor_toughness",
        "name": "",
        "amount": {
          "min": -0.15,
          "max": 0.15
        },
        "operation": "multiply_total",
        "slot": "offhand"
      }
    ],
    "conditions": [
      {
        "condition": "minecraft:random_chance",
        "chance": 0.3
      },
      {
        "condition": "minecraft:entity_properties",
        "entity": "this",
        "predicate": {
          "equipment": {
            "mainhand": {
              "items": [
                "minecraft:shield"
              ]
            }
          }
        }
      }
    ]
  }
]