[
  {
    "function": "minecraft:set_attributes",
    "modifiers": [
      {
        "attribute": "minecraft:generic.armor",
        "name": "",
        "amount": 3,
        "operation": "addition",
        "slot": "feet"
      },
      {
        "attribute": "minecraft:generic.armor_toughness",
        "name": "",
        "amount": 2,
        "operation": "addition",
        "slot": "feet"
      },
      {
        "attribute": "minecraft:generic.knockback_resistance",
        "name": "",
        "amount": 0.1,
        "operation": "addition",
        "slot": "feet"
      }
    ],
    "conditions": [
      {
        "condition": "minecraft:entity_properties",
        "entity": "this",
        "predicate": {
          "equipment": {
            "feet": {
              "items": [
                "minecraft:netherite_boots"
              ]
            }
          }
        }
      }
    ]
  },
  {
    "function": "minecraft:set_attributes",
    "modifiers": [
      {
        "attribute": "minecraft:generic.armor",
        "name": "",
        "amount": 3,
        "operation": "addition",
        "slot": "feet"
      },
      {
        "attribute": "minecraft:generic.armor_toughness",
        "name": "",
        "amount": 2,
        "operation": "addition",
        "slot": "feet"
      }
    ],
    "conditions": [
      {
        "condition": "minecraft:entity_properties",
        "entity": "this",
        "predicate": {
          "equipment": {
            "feet": {
              "items": [
                "minecraft:diamond_boots"
              ]
            }
          }
        }
      }
    ]
  },
  {
    "function": "minecraft:set_attributes",
    "modifiers": [
      {
        "attribute": "minecraft:generic.armor",
        "name": "",
        "amount": 2,
        "operation": "addition",
        "slot": "feet"
      }
    ],
    "conditions": [
      {
        "condition": "minecraft:entity_properties",
        "entity": "this",
        "predicate": {
          "equipment": {
            "feet": {
              "items": [
                "minecraft:iron_boots"
              ]
            }
          }
        }
      }
    ]
  },
  {
    "function": "minecraft:set_attributes",
    "modifiers": [
      {
        "attribute": "minecraft:generic.armor",
        "name": "",
        "amount": 1,
        "operation": "addition",
        "slot": "feet"
      }
    ],
    "conditions": [
      {
        "condition": "minecraft:entity_properties",
        "entity": "this",
        "predicate": {
          "equipment": {
            "feet": {
              "items": [
                "minecraft:leather_boots",
                "golden_boots",
                "chainmail_boots"
              ]
            }
          }
        }
      }
    ]
  },
  {
    "function": "minecraft:set_attributes",
    "modifiers": [
      {
        "attribute": "minecraft:zombie.spawn_reinforcements",
        "name": "R",
        "amount": {
          "min": 0,
          "max": 1
        },
        "operation": "addition",
        "slot": "feet"
      }
    ],
    "conditions": [
      {
        "condition": "minecraft:random_chance",
        "chance": 0.15
      }
    ]
  },
  {
    "function": "minecraft:set_attributes",
    "modifiers": [
      {
        "attribute": "minecraft:generic.luck",
        "name": "R",
        "amount": {
          "min": -0.15,
          "max": 0.15
        },
        "operation": "multiply_base",
        "slot": "feet"
      }
    ],
    "conditions": [
      {
        "condition": "minecraft:random_chance",
        "chance": 0.15
      }
    ]
  },
  {
    "function": "minecraft:set_attributes",
    "modifiers": [
      {
        "attribute": "minecraft:generic.armor_toughness",
        "name": "R",
        "amount": {
          "min": -0.1,
          "max": 0.2
        },
        "operation": "multiply_base",
        "slot": "feet"
      }
    ],
    "conditions": [
      {
        "condition": "minecraft:random_chance",
        "chance": 0.5
      }
    ]
  },
  {
    "function": "minecraft:set_attributes",
    "modifiers": [
      {
        "attribute": "minecraft:generic.armor",
        "name": "R",
        "amount": {
          "min": -0.15,
          "max": 0.15
        },
        "operation": "multiply_base",
        "slot": "feet"
      }
    ]
  },
  {
    "function": "minecraft:set_attributes",
    "modifiers": [
      {
        "attribute": "minecraft:generic.follow_range",
        "name": "R",
        "amount": {
          "min": 0,
          "max": 2
        },
        "operation": "multiply_base",
        "slot": "feet"
      }
    ],
    "conditions": [
      {
        "condition": "minecraft:random_chance",
        "chance": 0.15
      }
    ]
  },
  {
    "function": "minecraft:set_attributes",
    "modifiers": [
      {
        "attribute": "minecraft:generic.attack_damage",
        "name": "R",
        "amount": {
          "min": -0.15,
          "max": 0.15
        },
        "operation": "multiply_base",
        "slot": "feet"
      }
    ],
    "conditions": [
      {
        "condition": "minecraft:random_chance",
        "chance": 0.15
      }
    ]
  },
  {
    "function": "minecraft:set_attributes",
    "modifiers": [
      {
        "attribute": "minecraft:generic.attack_speed",
        "name": "R",
        "amount": {
          "min": -0.15,
          "max": 0.15
        },
        "operation": "multiply_base",
        "slot": "feet"
      }
    ],
    "conditions": [
      {
        "condition": "minecraft:random_chance",
        "chance": 0.15
      }
    ]
  },
  {
    "function": "minecraft:set_attributes",
    "modifiers": [
      {
        "attribute": "minecraft:generic.movement_speed",
        "name": "R",
        "amount": {
          "min": -0.15,
          "max": 0.15
        },
        "operation": "multiply_base",
        "slot": "feet"
      }
    ],
    "conditions": [
      {
        "condition": "minecraft:random_chance",
        "chance": 0.15
      }
    ]
  },
  {
    "function": "minecraft:set_attributes",
    "modifiers": [
      {
        "attribute": "minecraft:generic.knockback_resistance",
        "name": "R",
        "amount": {
          "min": -0.15,
          "max": 0.15
        },
        "operation": "multiply_base",
        "slot": "feet"
      }
    ],
    "conditions": [
      {
        "condition": "minecraft:random_chance",
        "chance": 0.15
      }
    ]
  },
  {
    "function": "minecraft:set_attributes",
    "modifiers": [
      {
        "attribute": "minecraft:generic.max_health",
        "name": "R",
        "amount": {
          "min": -0.15,
          "max": 0.15
        },
        "operation": "multiply_base",
        "slot": "feet"
      }
    ],
    "conditions": [
      {
        "condition": "minecraft:random_chance",
        "chance": 0.15
      }
    ]
  }
]