{
  "pools": [
    {
      "rolls": 1,
      "entries": [
        {
          "type": "minecraft:alternatives",
          "children": [
            {
              "type": "minecraft:tag",
              "name": "minecraft:weapons/miner_l",
              "functions": [
                {
                  "function": "minecraft:set_count",
                  "count": {
                    "min": 1,
                    "max": 8
                  },
                  "add": false
                }
              ],
              "expand": true,
              "conditions": [
                {
                  "condition": "minecraft:random_chance",
                  "chance": 0.4
                }
              ]
            },
            {
              "type": "minecraft:tag",
              "name": "minecraft:weapons/miner",
              "expand": true
            }
          ]
        }
      ]
    }
  ]
}