{
  "pools": [
    {
      "rolls": 1,
      "entries": [
        {
          "type": "minecraft:alternatives",
          "children": [
            {
              "type": "minecraft:tag",
              "name": "minecraft:weapons/different",
              "expand": true,
              "conditions": [
                {
                  "condition": "minecraft:random_chance",
                  "chance": 0.4
                }
              ]
            },
            {
              "type": "minecraft:item",
              "name": "minecraft:shield",
              "expand": true
            }
          ]
        }
      ]
    }
  ]
}