{
  "type": "minecraft:tree",
  "config": {
    "ignore_vines": false,
    "force_dirt": false,
    "minimum_size": {
      "type": "minecraft:two_layers_feature_size",
      "limit": 0,
      "lower_size": 0,
      "upper_size": 0
    },
    "dirt_provider": {
      "type": "minecraft:simple_state_provider",
      "state": {
        "Name": "minecraft:dirt"
      }
    },
    "sapling_provider": {
      "type": "minecraft:simple_state_provider",
      "state": {
        "Name": "minecraft:oak_sapling",
        "Properties": {
          "stage": "0"
        }
      }
    },
    "trunk_provider": {
      "type": "minecraft:simple_state_provider",
      "state": {
        "Name": "minecraft:rooted_dirt",
        "Properties": {}
      }
    },
    "foliage_provider": {
      "type": "minecraft:weighted_state_provider",
      "entries": [
        {
          "weight": 1,
          "data": {
            "Name": "minecraft:jungle_leaves",
            "Properties": {
              "distance": "7",
              "persistent": "true"
            }
          }
        },
        {
          "weight": 4,
          "data": {
            "Name": "minecraft:oak_leaves",
            "Properties": {
              "distance": "7",
              "persistent": "true"
            }
          }
        }
      ]
    },
    "trunk_placer": {
      "type": "minecraft:straight_trunk_placer",
      "base_height": 1,
      "height_rand_a": 0,
      "height_rand_b": 0
    },
    "foliage_placer": {
      "type": "minecraft:bush_foliage_placer",
      "radius": 2,
      "offset": 1,
      "height": 2
    },
    "decorators": [
      {
        "type": "minecraft:alter_ground",
        "provider": {
          "type": "minecraft:weighted_state_provider",
          "entries": [
            {
              "weight": 1,
              "data": {
                "Name": "minecraft:grass_block",
                "Properties": {
                  "snowy": "false"
                }
              }
            },
            {
              "weight": 1,
              "data": {
                "Name": "minecraft:end_stone"
              }
            },
            {
              "weight": 2,
              "data": {
                "Name": "minecraft:dirt"
              }
            },
            {
              "weight": 2,
              "data": {
                "Name": "minecraft:oak_leaves",
                "Properties": {
                  "distance": "7",
                  "persistent": "true"
                }
              }
            }
          ]
        }
      }
    ]
  }
}
