{
  "pools": [
    {
      "rolls": 2,
      "entries": [
      
      
        
        {
          "type": "minecraft:item",
          "weight": 20,
          "name": "minecraft:potion",
          "functions": [
            {
              "function": "minecraft:set_nbt",
              "tag": "{Potion:\"minecraft:strength\",CustomPotionColor:12725060}"
            }
          ]
        
      
          
        },
        {
          "type": "minecraft:item",
          "weight": 20,
          "name": "minecraft:potion",
          "functions": [
            {
              "function": "minecraft:set_nbt",
              "tag": "{Potion:\"minecraft:slow_falling\"}"
            }
          ]
          
        },
        {
          "type": "minecraft:item",
          "weight": 20,
          "name": "minecraft:potion",
          "functions": [
            {
              "function": "minecraft:set_nbt",
              "tag": "{Potion:\"minecraft:swiftness\"} "
            }
          ]
          
        }
      ]
    },
    
    {
      "rolls": 18,
      "entries": [
        {
          "type": "minecraft:item",
          "weight": 75,
          "name": "minecraft:iron_ingot"
        },
        {
          "type": "minecraft:item",
          "weight": 50,
          "name": "minecraft:redstone"
        },
        {
          "type": "minecraft:item",
          "weight": 25,
          "name": "minecraft:slime_ball"
        },
        {
          "type": "minecraft:item",
          "weight": 25,
          "name": "minecraft:fermented_spider_eye"
        },
        {
          "type": "minecraft:item",
          "weight": 25,
          "name": "minecraft:brown_mushroom"
        }
      ]
    }
  ]
}
