{
  "pools": [
    {
      "rolls": 1,
      "entries": [
      
        {
          "type": "minecraft:item",
          "weight": 20,
          "name": "minecraft:enchanted_book",
          "functions": [
            {
              "function": "minecraft:set_nbt",
              "tag": "{Enchantments:[{id:\"looting\",lvl:2}]}"
            }
          ]
        },
        {
          "type": "minecraft:item",
          "weight": 20,
          "name": "minecraft:enchanted_book",
          "functions": [
            {
              "function": "minecraft:set_nbt",
              "tag": "{Enchantments:[{id:\"fortune\",lvl:2}]}"
            }
            
          ]
        },
        {
          "type": "minecraft:item",
          "weight": 20,
          "name": "minecraft:enchanted_book",
          "functions": [
            {
              "function": "minecraft:set_nbt",
              "tag": "{Enchantments:[{id:\"efficiency\",lvl:4}]}"
            }
            
          ]
        },
        {
          "type": "minecraft:item",
          "weight": 20,
          "name": "minecraft:enchanted_book",
          "functions": [
            {
              "function": "minecraft:set_nbt",
              "tag": "{Enchantments:[{id:\"unbreaking\",lvl:3}]}"
            }
          ]
        },
        {
          "type": "minecraft:item",
          "weight": 20,
          "name": "minecraft:enchanted_book",
          "functions": [
            {
              "function": "minecraft:set_nbt",
              "tag": "{Enchantments:[{id:\"respiration\",lvl:2}]}"
            }
          ]
        },
        {
          "type": "minecraft:item",
          "weight": 20,
          "name": "minecraft:enchanted_book",
          "functions": [
            {
              "function": "minecraft:set_nbt",
              "tag": "{Enchantments:[{id:\"depth_strider\",lvl:2}]}"
            }
          ]
        }
      ]
    },
    {
      "rolls": 1,
      "entries": [
        {
          "type": "minecraft:item",
          "name": "minecraft:enchanted_book",
          "functions": [
            {
              "function": "minecraft:set_nbt",
              "tag": "{Enchantments:[{id:\"unbreaking\",lvl:3}]}"
            }
          ]
        }
      ]
    },
    {
      "rolls": 18,
      "entries": [
        {
          "type": "minecraft:item",
          "weight": 50,
          "name": "minecraft:gold_ingot"
        },
        {
          "type": "minecraft:item",
          "weight": 3,
          "name": "minecraft:diamond"
        },
        {
          "type": "minecraft:item",
          "weight": 10,
          "name": "minecraft:soul_sand"
        },
        {
          "type": "minecraft:item",
          "weight": 15,
          "name": "minecraft:copper_ingot"
        },
        {
          "type": "minecraft:item",
          "weight": 20,
          "name": "minecraft:experience_bottle"
        }
      ]
    }
  ]
}
