{
  "type": "minecraft:entity",
  "pools": [
    {
      "rolls": 1,
      "entries": [
        {
          "type": "minecraft:item",
		  "name": "minecraft:structure_block",
          "functions": [
            {
			  "function": "minecraft:set_name",
			  "name": {"translate":"mech.rod.coal","color":"dark_gray","italic":false}
			},
			{
			  "function": "minecraft:set_lore",
			  "lore": [
				 {"translate":"mech.lore.upgrade_energy_saber","color":"gray","italic":false},
				[{"translate":"mech.lore.upgrade_effects","color":"gray","italic":false},{"text":" "},{"translate":"enchantment.minecraft.fire_aspect"}],
				{"translate":"mech.lore.added_by","color":"blue","italic":false}
			  ]
			},
			{
              "function": "minecraft:set_nbt",
              "tag":"{mech_itemid: 1492, CustomModelData: 6421492, HideFlags: 32, mech_upgrade:{type:1b, effect:\"fire_aspect\", max_durability:750, base_stats:{}, bonus_stats:{}}, ctc:{ id:\"coal_rod\", from:\"mechanization\", traits:{ item:1b, rod:1b, \"gem/coal\":1b }}}"
            }
          ]
        }
      ]
    }
  ]
}