{
  "type": "minecraft:entity",
  "pools": [
    {
      "rolls": 1,
      "entries": [
        {
          "type": "minecraft:item",
		  "name": "minecraft:structure_block",
          "functions": [
            {
			  "function": "minecraft:set_name",
			  "name": {"translate":"mech.rod.conductive","color":"gold","italic":false}
			},
			{
			  "function": "minecraft:set_lore",
			  "lore": [
				 {"translate":"mech.lore.upgrade_energy_saber","color":"gray","italic":false},
				[{"translate":"mech.lore.upgrade_effects","color":"gray","italic":false},{"text":" +0.5 "},{"translate":"attribute.name.generic.attack_speed"}],
				 {"translate":"mech.lore.upgrade_base_stats","color":"gray","italic":false},
				[{"text":"  5 ","color":"dark_green","italic":false},{"translate":"attribute.name.generic.attack_damage"}],
				[{"text":"  1.25 ","color":"dark_green","italic":false},{"translate":"attribute.name.generic.attack_speed"}],
				[{"text":"  5 ","color":"dark_green","italic":false},{"translate":"mech.lore.energy_saber_range"}],
				{"translate":"mech.lore.added_by","color":"blue","italic":false}
			  ]
			},
			{
              "function": "minecraft:set_nbt",
              "tag":"{mech_itemid: 1356, CustomModelData: 6421356, HideFlags: 32, mech_upgrade:{type:1b, effect:\"none\", max_durability:1500, base_stats:{attack_damage:5, attack_speed:-2.75, energy_saber_range:5}, bonus_stats:{attack_speed:0.5}}, ctc:{ id:\"conductive_rod\", from:\"mechanization\", traits:{ item:1b, rod:1b, \"metal/conductive_alloy\":1b }}}"
            }
          ]
        }
      ]
    }
  ]
}
