{
  "type": "minecraft:entity",
  "pools": [
    {
      "rolls": 1,
      "entries": [
        {
          "type": "minecraft:item",
		  "name": "minecraft:structure_block",
          "functions": [
            {
			  "function": "minecraft:set_name",
			  "name": {"translate":"mech.plate.crystal_composite","color":"dark_red","italic":false}
			},
			{
			  "function": "minecraft:set_lore",
			  "lore": [
				 {"translate":"mech.lore.upgrade_modular_armor","color":"gray","italic":false},
				[{"translate":"mech.lore.upgrade_effects","color":"gray","italic":false},{"text":" +0.03 "},{"translate":"attribute.name.generic.movement_speed"}],
				{"translate":"mech.lore.added_by","color":"blue","italic":false}
			  ]
			},
			{
              "function": "minecraft:set_nbt",
              "tag":"{mech_itemid: 1412, CustomModelData: 6421412, HideFlags: 32, mech_upgrade:{type:3b, effect:\"none\", max_durability:1000, base_stats:{}, bonus_stats:{speed:0.03}}, ctc:{ id:\"crystal_composite_plate\", from:\"mechanization\", traits:{ item:1b, plate:1b, \"gem/crystal_composite\":1b }}}"
            }
          ]
        }
      ]
    }
  ]
}