{
  "type": "minecraft:entity",
  "pools": [
    {
      "rolls": 1,
      "entries": [
        {
          "type": "minecraft:item",
		  "name": "minecraft:structure_block",
          "functions": [
            {
			  "function": "minecraft:set_name",
			  "name": {"translate":"mech.gem.crystal_composite","color":"dark_red","italic":false}
			},
			{
			  "function": "minecraft:set_lore",
			  "lore": [
				{"translate":"mech.lore.added_by","color":"blue","italic":false}
			  ]
			},
			{
              "function": "minecraft:set_nbt",
              "tag":"{mech_itemid: 1410, CustomModelData: 6421410, HideFlags: 6, ctc:{ id:\"crystal_composite\", from:\"mechanization\", traits:{ item:1b, ingot:1b, gem:1b, \"gem/crystal_composite\":1b }} }"
            }
          ]
        }
      ]
    }
  ]
}