{
  "type": "minecraft:entity",
  "pools": [
    {
      "rolls": 1,
      "entries": [
        {
          "type": "minecraft:item",
		  "name": "minecraft:structure_block",
          "functions": [
            {
			  "function": "minecraft:set_name",
			  "name": {"translate":"mech.rod.crystal_composite","color":"dark_red","italic":false}
			},
			{
			  "function": "minecraft:set_lore",
			  "lore": [
				 {"translate":"mech.lore.upgrade_energy_saber","color":"gray","italic":false},
				[{"translate":"mech.lore.upgrade_effects","color":"gray","italic":false},{"text":" "},{"translate":"enchantment.minecraft.looting"},{"text":" "},{"translate":"enchantment.level.3"}],
				{"translate":"mech.lore.added_by","color":"blue","italic":false}
			  ]
			},
			{
              "function": "minecraft:set_nbt",
              "tag":"{mech_itemid: 1414, CustomModelData: 6421414, HideFlags: 32, mech_upgrade:{type:1b, effect:\"looting_3\", max_durability:2000, base_stats:{}, bonus_stats:{}}, ctc:{ id:\"crystal_composite_rod\", from:\"mechanization\", traits:{ item:1b, rod:1b, \"gem/crystal_composite\":1b }}}"
            }
          ]
        }
      ]
    }
  ]
}