{
  "type": "minecraft:entity",
  "pools": [
    {
      "rolls": 1,
      "entries": [
        {
          "type": "minecraft:item",
		  "name": "minecraft:structure_block",
          "functions": [
            {
			  "function": "minecraft:set_name",
			  "name": {"translate":"mech.rod.ender_alloy","color":"dark_purple","italic":false}
			},
			{
			  "function": "minecraft:set_lore",
			  "lore": [
				 {"translate":"mech.lore.upgrade_energy_saber","color":"gray","italic":false},
				[{"translate":"mech.lore.upgrade_effects","color":"gray","italic":false},{"text":" "},{"translate":"enchantment.minecraft.looting"},{"text":" "},{"translate":"enchantment.level.4"}],
				 {"translate":"mech.lore.upgrade_base_stats","color":"gray","italic":false},
				[{"text":"  7 ","color":"dark_green","italic":false},{"translate":"attribute.name.generic.attack_damage"}],
				[{"text":"  1.5 ","color":"dark_green","italic":false},{"translate":"attribute.name.generic.attack_speed"}],
				[{"text":"  9 ","color":"dark_green","italic":false},{"translate":"mech.lore.energy_saber_range"}],
				{"translate":"mech.lore.added_by","color":"blue","italic":false}
			  ]
			},
			{
              "function": "minecraft:set_nbt",
              "tag":"{mech_itemid: 1396, CustomModelData: 6421396, HideFlags: 32, mech_upgrade:{type:1b, effect:\"looting_4\", max_durability:3000, base_stats:{attack_damage:7, attack_speed:-2.5, energy_saber_range:9}, bonus_stats:{}}, ctc:{ id:\"ender_alloy_rod\", from:\"mechanization\", traits:{ item:1b, rod:1b, \"metal/ender_alloy\":1b }}}"
            }
          ]
        }
      ]
    }
  ]
}