{
  "type": "minecraft:entity",
  "pools": [
    {
      "rolls": 1,
      "entries": [
        {
          "type": "minecraft:item",
		  "name": "minecraft:carrot_on_a_stick",
          "functions": [
            {
			  "function": "minecraft:set_name",
			  "name": {"translate":"mech.item.ender_upgrade","color":"dark_purple","italic":false}
			},
			{
			  "function": "minecraft:set_lore",
			  "lore": [
			    {"translate":"mech.item.machine_upgrade.lore_1","color":"white","italic":false,"with":[{"translate":"mech.lore.sneak"},{"text":"\uee08","font":"mechanization:gui"}]},
				{"translate":"mech.item.machine_upgrade.lore_2","color":"white","italic":false},
				{"translate":"mech.lore.added_by","color":"blue","italic":false}
			  ]
			},
			{
              "function": "minecraft:set_nbt",
              "tag":"{mech_itemid: 1104, CustomModelData: 6421104, HideFlags: 6, Unbreakable:1b, ctc:{ id:\"ender_upgrade\", from:\"mechanization\", traits:{ item:1b }} }"
            }
          ]
        }
      ]
    }
  ]
}