{
  "type": "minecraft:entity",
  "pools": [
    {
      "rolls": 1,
      "entries": [
        {
          "type": "minecraft:item",
		  "name": "minecraft:structure_block",
          "functions": [
            {
			  "function": "minecraft:set_name",
			  "name": {"translate":"mech.rod.iron","color":"white","italic":false}
			},
			{
			  "function": "minecraft:set_lore",
			  "lore": [
				 {"translate":"mech.lore.upgrade_energy_saber","color":"gray","italic":false},
				[{"translate":"mech.lore.upgrade_effects","color":"gray","italic":false},{"text":" +0.5 "},{"translate":"attribute.name.generic.attack_damage"}],
				 {"translate":"mech.lore.upgrade_base_stats","color":"gray","italic":false},
				[{"text":"  4 ","color":"dark_green","italic":false},{"translate":"attribute.name.generic.attack_damage"}],
				[{"text":"  1 ","color":"dark_green","italic":false},{"translate":"attribute.name.generic.attack_speed"}],
				[{"text":"  3 ","color":"dark_green","italic":false},{"translate":"mech.lore.energy_saber_range"}],
				{"translate":"mech.lore.added_by","color":"blue","italic":false}
			  ]
			},
			{
              "function": "minecraft:set_nbt",
              "tag":"{mech_itemid: 1452, CustomModelData: 6421452, HideFlags: 32, mech_upgrade:{type:1b, effect:\"none\", max_durability:750, base_stats:{attack_damage:4, attack_speed:-3, energy_saber_range:3}, bonus_stats:{attack_damage:0.5}}, ctc:{ id:\"iron_rod\", from:\"mechanization\", traits:{ item:1b, rod:1b, \"metal/iron\":1b }}}"
            }
          ]
        }
      ]
    }
  ]
}