{
  "type": "minecraft:entity",
  "pools": [
    {
      "rolls": 1,
      "entries": [
        {
          "type": "minecraft:item",
		  "name": "minecraft:structure_block",
          "functions": [
            {
			  "function": "minecraft:set_name",
			  "name": {"translate":"mech.plate.lapis","color":"blue","italic":false}
			},
			{
			  "function": "minecraft:set_lore",
			  "lore": [
				 {"translate":"mech.lore.upgrade_modular_armor","color":"gray","italic":false},
				[{"translate":"mech.lore.upgrade_effects","color":"gray","italic":false},{"text":" +2 "},{"translate":"attribute.name.generic.max_health"}],
				{"translate":"mech.lore.added_by","color":"blue","italic":false}
			  ]
			},
			{
              "function": "minecraft:set_nbt",
              "tag":"{mech_itemid: 1530, CustomModelData: 6421530, HideFlags: 32, mech_upgrade:{type:3b, effect:\"none\", max_durability:350, base_stats:{}, bonus_stats:{health:2}}, ctc:{ id:\"lapis_plate\", from:\"mechanization\", traits:{ item:1b, plate:1b, \"gem/lapis_lazuli\":1b }}}"
            }
          ]
        }
      ]
    }
  ]
}