{
  "type": "minecraft:entity",
  "pools": [
    {
      "rolls": 1,
      "entries": [
        {
          "type": "minecraft:item",
		  "name": "minecraft:structure_block",
          "functions": [
            {
			  "function": "minecraft:set_name",
			  "name": {"translate":"mech.gear.netherite","color":"dark_red","italic":false}
			},
			{
			  "function": "minecraft:set_lore",
			  "lore": [
				 {"translate":"mech.lore.upgrade_drill","color":"gray","italic":false},
				[{"translate":"mech.lore.upgrade_effects","color":"gray","italic":false},{"text":" "},{"translate":"mech.lore.upgrade_magnetic"}],
				{"translate":"mech.lore.added_by","color":"blue","italic":false}
			  ]
			},
			{
              "function": "minecraft:set_nbt",
              "tag":"{mech_itemid: 1481, CustomModelData: 6421481, HideFlags: 32, mech_upgrade:{type:2b, effect:\"magnetic\", max_durability:2000, bonus_stats:{}}, ctc:{ id:\"netherite_gear\", from:\"mechanization\", traits:{ item:1b, gear:1b, \"metal/netherite\":1b }}}"
            }
          ]
        }
      ]
    }
  ]
}