{
  "type": "minecraft:entity",
  "pools": [
    {
      "rolls": 1,
      "entries": [
        {
          "type": "minecraft:item",
		  "name": "minecraft:structure_block",
          "functions": [
            {
			  "function": "minecraft:set_name",
			  "name": {"translate":"mech.plate.quartz","color":"white","italic":false}
			},
			{
			  "function": "minecraft:set_lore",
			  "lore": [
				 {"translate":"mech.lore.upgrade_modular_armor","color":"gray","italic":false},
				[{"translate":"mech.lore.upgrade_effects","color":"gray","italic":false},{"text":" +10% "},{"translate":"attribute.name.generic.attack_damage"}],
				{"translate":"mech.lore.added_by","color":"blue","italic":false}
			  ]
			},
			{
              "function": "minecraft:set_nbt",
              "tag":"{mech_itemid: 1560, CustomModelData: 6421560, HideFlags: 32, mech_upgrade:{type:3b, effect:\"attack_bonus\", max_durability:800, base_stats:{}, bonus_stats:{}}, ctc:{ id:\"quartz_plate\", from:\"mechanization\", traits:{ item:1b, plate:1b, \"gem/quartz\":1b }}}"
            }
          ]
        }
      ]
    }
  ]
}