{
  "type": "minecraft:entity",
  "pools": [
    {
      "rolls": 1,
      "entries": [
        {
          "type": "minecraft:item",
		  "name": "minecraft:structure_block",
          "functions": [
            {
			  "function": "minecraft:set_name",
			  "name": {"translate":"mech.rod.reinforced_structural","color":"dark_aqua","italic":false}
			},
			{
			  "function": "minecraft:set_lore",
			  "lore": [
				 {"translate":"mech.lore.upgrade_energy_saber","color":"gray","italic":false},
				[{"translate":"mech.lore.upgrade_effects","color":"gray","italic":false},{"text":" +3 "},{"translate":"mech.lore.energy_saber_range"}],
				 {"translate":"mech.lore.upgrade_base_stats","color":"gray","italic":false},
				[{"text":"  6 ","color":"dark_green","italic":false},{"translate":"attribute.name.generic.attack_damage"}],
				[{"text":"  1.5 ","color":"dark_green","italic":false},{"translate":"attribute.name.generic.attack_speed"}],
				[{"text":"  7 ","color":"dark_green","italic":false},{"translate":"mech.lore.energy_saber_range"}],
				{"translate":"mech.lore.added_by","color":"blue","italic":false}
			  ]
			},
			{
              "function": "minecraft:set_nbt",
              "tag":"{mech_itemid: 1376, CustomModelData: 6421376, HideFlags: 32, mech_upgrade:{type:1b, effect:\"none\", max_durability:2500, base_stats:{attack_damage:6, attack_speed:-2.5, energy_saber_range:7}, bonus_stats:{energy_saber_range:3}}, ctc:{ id:\"reinforced_structural_rod\", from:\"mechanization\", traits:{ item:1b, rod:1b, \"metal/reinforced_structural_alloy\":1b }}}"
            }
          ]
        }
      ]
    }
  ]
}