{
  "type": "minecraft:entity",
  "pools": [
    {
      "rolls": 1,
      "entries": [
        {
          "type": "minecraft:item",
		  "name": "minecraft:structure_block",
          "functions": [
            {
			  "function": "minecraft:set_name",
			  "name": {"translate":"mech.ingot.structural","color":"blue","italic":false}
			},
			{
			  "function": "minecraft:set_lore",
			  "lore": [
				{"translate":"mech.lore.added_by","color":"blue","italic":false}
			  ]
			},
			{
              "function": "minecraft:set_nbt",
              "tag":"{mech_itemid: 1340, CustomModelData: 6421340, HideFlags: 32, ctc:{ id:\"structural_alloy_ingot\", from:\"mechanization\", traits:{ item:1b, ingot:1b, \"metal/structural_alloy\":1b }} }"
            }
          ]
        }
      ]
    }
  ]
}