{
  "type": "minecraft:entity",
  "pools": [
    {
      "rolls": 1,
      "entries": [
        {
          "type": "minecraft:item",
		  "name": "minecraft:structure_block",
          "functions": [
            {
			  "function": "minecraft:set_name",
			  "name": {"translate":"mech.gear.super_conductive","color":"dark_green","italic":false}
			},
			{
			  "function": "minecraft:set_lore",
			  "lore": [
				 {"translate":"mech.lore.upgrade_drill","color":"gray","italic":false},
				[{"translate":"mech.lore.upgrade_effects","color":"gray","italic":false},{"text":" +21 "},{"translate":"mech.lore.mining_speed"}],
				{"translate":"mech.lore.added_by","color":"blue","italic":false}
			  ]
			},
			{
              "function": "minecraft:set_nbt",
              "tag":"{mech_itemid: 1385, CustomModelData: 6421385, HideFlags: 32, mech_upgrade:{type:2b, effect:\"none\", max_durability:2500, bonus_stats:{mining_speed:21}}, ctc:{ id:\"super_conductive_gear\", from:\"mechanization\", traits:{ item:1b, gear:1b, \"metal/super_conductive_alloy\":1b }}}"
            }
          ]
        }
      ]
    }
  ]
}