{
  "type": "minecraft:entity",
  "pools": [
    {
      "rolls": 1,
      "entries": [
        {
          "type": "minecraft:item",
		  "name": "minecraft:blast_furnace",
          "functions": [
            {
			  "function": "minecraft:set_name",
			  "name": {"translate":"mech.resource.machine_frame_tier_2","color":"dark_red","italic":false}
			},
			{
			  "function": "minecraft:set_lore",
			  "lore": [
				{"translate":"mech.lore.added_by","color":"blue","italic":false}
			  ]
			},
			{
              "function": "minecraft:set_nbt",
              "tag":"{mech_itemid: 1008, CustomModelData: 6421008, HideFlags: 32, BlockEntityTag: {Lock: \"§mechanization\"}, ctc:{ id:\"tier_2_machine_frame\", from:\"mechanization\", traits:{ block:1b, \"machine_frame/tier2\":1b }} }"
            }
          ]
        }
      ]
    }
  ]
}