{
  "type": "minecraft:entity",
  "pools": [
    {
      "rolls": 1,
      "entries": [
        {
          "type": "minecraft:item",
		  "name": "minecraft:blast_furnace",
          "functions": [
            {
			  "function": "minecraft:set_name",
			  "name": {"translate":"mech.block.battery.tier_3","color":"dark_purple","italic":false}
			},
			{
			  "function": "minecraft:set_lore",
			  "lore": [
			    {"translate":"mech.lore.storage","color":"white","italic":false,"with":[500000]},
				{"translate":"mech.lore.transfer","color":"white","italic":false,"with":[100]},
				{"translate":"mech.lore.range","color":"white","italic":false,"with":[16]},
				{"translate":"mech.lore.added_by","color":"blue","italic":false}
			  ]
			},
			{
              "function": "minecraft:set_nbt",
              "tag":"{mech_itemid: 1002, CustomModelData: 6421002, HideFlags: 6, BlockEntityTag: {Lock: \"§mechanization\"}, ctc:{ id:\"tier_3_battery\", from:\"mechanization\", traits:{ block:1b }} }"
            }
          ]
        }
      ]
    }
  ]
}