{
  "type": "minecraft:entity",
  "pools": [
    {
      "rolls": 1,
      "entries": [
        {
          "type": "minecraft:item",
		  "name": "minecraft:structure_block",
          "functions": [
            {
			  "function": "minecraft:set_name",
			  "name": {"translate":"mech.raw.tin","color":"gray","italic":false}
			},
			{
			  "function": "minecraft:set_lore",
			  "lore": [
				{"translate":"mech.lore.added_by","color":"blue","italic":false}
			  ]
			},
			{
              "function": "minecraft:set_nbt",
              "tag":"{mech_itemid: 1313, CustomModelData: 6421313, du_smelt_id:1313, HideFlags: 32, ctc:{ id:\"raw_tin\", from:\"mechanization\", traits:{ item:1b, raw:1b, \"metal/tin\":1b }} }"
            }
          ]
        }
      ]
    }
  ]
}