{
  "type": "minecraft:entity",
  "pools": [
    {
      "rolls": 1,
      "entries": [
        {
          "type": "minecraft:item",
		  "name": "minecraft:structure_block",
          "functions": [
            {
			  "function": "minecraft:set_name",
			  "name": {"translate":"mech.plate.titanium_steel","color":"light_purple","italic":false}
			},
			{
			  "function": "minecraft:set_lore",
			  "lore": [
				 {"translate":"mech.lore.upgrade_modular_armor","color":"gray","italic":false},
				[{"translate":"mech.lore.upgrade_effects","color":"gray","italic":false},{"text":" +1.5 "},{"translate":"attribute.name.generic.armor"}],
				 {"translate":"mech.lore.upgrade_base_stats","color":"gray","italic":false},
				[{"text":"  4 ","color":"dark_green","italic":false},{"translate":"attribute.name.generic.armor"}],
				[{"text":"  1.5 ","color":"dark_green","italic":false},{"translate":"attribute.name.generic.armor_toughness"}],
				{"translate":"mech.lore.added_by","color":"blue","italic":false}
			  ]
			},
			{
              "function": "minecraft:set_nbt",
              "tag":"{mech_itemid: 1364, CustomModelData: 6421364, HideFlags: 32, mech_upgrade:{type:3b, effect:\"none\", max_durability:1200, base_stats:{armor:4, armor_toughness:1.5}, bonus_stats:{armor:1.5}}, ctc:{ id:\"titanium_steel_plate\", from:\"mechanization\", traits:{ item:1b, plate:1b, \"metal/titanium_steel\":1b }}}"
            }
          ]
        }
      ]
    }
  ]
}