{
  "type": "minecraft:entity",
  "pools": [
    {
      "rolls": 1,
      "entries": [
        {
          "type": "minecraft:item",
		  "name": "minecraft:structure_block",
          "functions": [
            {
			  "function": "minecraft:set_name",
			  "name": {"translate":"mech.plate.titanium","color":"light_purple","italic":false}
			},
			{
			  "function": "minecraft:set_lore",
			  "lore": [
				 {"translate":"mech.lore.upgrade_modular_armor","color":"gray","italic":false},
				[{"translate":"mech.lore.upgrade_effects","color":"gray","italic":false},{"text":" "},{"translate":"mech.lore.upgrade_reinforced"}],
				 {"translate":"mech.lore.upgrade_base_stats","color":"gray","italic":false},
				[{"text":"  3 ","color":"dark_green","italic":false},{"translate":"attribute.name.generic.armor"}],
				[{"text":"  1 ","color":"dark_green","italic":false},{"translate":"attribute.name.generic.armor_toughness"}],
				{"translate":"mech.lore.added_by","color":"blue","italic":false}
			  ]
			},
			{
              "function": "minecraft:set_nbt",
              "tag":"{mech_itemid: 1325, CustomModelData: 6421325, HideFlags: 32, mech_upgrade:{type:3b, effect:\"reinforced\", max_durability:1000, base_stats:{armor:3, armor_toughness:1}, bonus_stats:{}}, ctc:{ id:\"titanium_plate\", from:\"mechanization\", traits:{ item:1b, plate:1b, \"metal/titanium\":1b }}}"
            }
          ]
        }
      ]
    }
  ]
}