{
  "type": "minecraft:entity",
  "pools": [
    {
      "rolls": 1,
      "entries": [
        {
          "type": "minecraft:item",
		  "name": "minecraft:structure_block",
          "functions": [
            {
			  "function": "minecraft:set_name",
			  "name": {"translate":"mech.plate.uranium","color":"green","italic":false}
			},
			{
			  "function": "minecraft:set_lore",
			  "lore": [
				 {"translate":"mech.lore.upgrade_modular_armor","color":"gray","italic":false},
				[{"translate":"mech.lore.upgrade_effects","color":"gray","italic":false},{"text":" +1 "},{"translate":"mech.lore.shield_recharge"}],
				{"translate":"mech.lore.added_by","color":"blue","italic":false}
			  ]
			},
			{
              "function": "minecraft:set_nbt",
              "tag":"{mech_itemid: 1434, CustomModelData: 6421434, mech_upgrade:{type:3b, effect:\"shield_recharge\", max_durability:350, base_stats:{}, bonus_stats:{}}, HideFlags: 32, ctc:{ id:\"uranium_plate\", from:\"mechanization\", traits:{ item:1b, plate:1b, \"metal/uranium\":1b }}}"
            }
          ]
        }
      ]
    }
  ]
}