{
  "config": {
    "vegetation_chance": 0.1,
    "xz_radius": {
      "type": "minecraft:uniform",
      "value": {
        "min_inclusive": 4,
        "max_inclusive": 7
      }
    },
    "extra_edge_column_chance": 0.7,
    "extra_bottom_block_chance": 0.8,
    "vertical_range": 2,
    "vegetation_feature": "minecraft:dripleaf",
    "surface": "floor",
    "depth": 3,
    "replaceable": "minecraft:lush_ground_replaceable",
    "ground_state": {
      "state": {
        "Name": "minecraft:moss_block"
      },
      "type": "minecraft:simple_state_provider"
    }
  },
  "type": "minecraft:vegetation_patch"
}
