{
  "type": "minecraft:decorated",
  "config": {
    "decorator": {
      "type": "minecraft:count_extra",
      "config": {
        "count": 2400,
        "extra_count": 0,
        "extra_chance": 0
      }
    },
    "feature": {
      "type": "minecraft:decorated",
      "config": {
        "decorator": {
          "type": "minecraft:decorated",
          "config": {
            "outer": {
              "type": "minecraft:square",
              "config": {}
            },
            "inner": {
              "type": "minecraft:count_noise_biased",
              "config": {
                "noise_to_count_ratio": 50,
                "noise_factor": 10,
                "noise_offset": 0
              }
            }
          }
        },
        "feature": {
          "type": "minecraft:decorated",
          "config": {
            "decorator": {
              "type": "minecraft:decorated",
              "config": {
                "outer": {
                  "type": "minecraft:range",
                  "config": {
                    "height": {
                      "type": "minecraft:uniform",
                      "min_inclusive": {
                        "above_bottom": 0
                      },
                      "max_inclusive": {
                        "below_top": 0
                      }
                    }
                  }
                },
                "inner": {
                  "type": "minecraft:square",
                  "config": {}
                }
              }
            },
            "feature": {
              "type": "minecraft:simple_block",
              "config": {
                "to_place": {
                  "type": "minecraft:weighted_state_provider",
                  "entries": [
                    {
                      "weight": 5,
                      "data": {
                        "Name": "minecraft:brain_coral_fan",
                        "Properties": {
                          "waterlogged": "true"
                        }
                      }
                    },
                    {
                      "weight": 1,
                      "data": {
                        "Name": "minecraft:sea_pickle",
                        "Properties": {
                          "pickles": "4",
                          "waterlogged": "true"
                        }
                      }
                    },
                    {
                      "weight": 2,
                      "data": {
                        "Name": "minecraft:sea_pickle",
                        "Properties": {
                          "pickles": "3",
                          "waterlogged": "true"
                        }
                      }
                    },
                    {
                      "weight": 3,
                      "data": {
                        "Name": "minecraft:sea_pickle",
                        "Properties": {
                          "pickles": "2",
                          "waterlogged": "true"
                        }
                      }
                    },
                    {
                      "weight": 4,
                      "data": {
                        "Name": "minecraft:sea_pickle",
                        "Properties": {
                          "pickles": "1",
                          "waterlogged": "true"
                        }
                      }
                    },
                    {
                      "weight": 100,
                      "data": {
                        "Name": "minecraft:seagrass"
                      }
                    }
                  ]
                },
                "place_on": [
                  {
                    "Name": "minecraft:moss_block",
                    "Properties": {}
                  },
                  {
                    "Name": "minecraft:end_stone"
                  }
                ],
                "place_in": [
                  {
                    "Name": "minecraft:water",
                    "Properties": {
                      "level": "0"
                    }
                  }
                ],
                "place_under": [
                  {
                    "Name": "minecraft:water",
                    "Properties": {
                      "level": "0"
                    }
                  },
                  {
                    "Name": "minecraft:air"
                  }
                ]
              }
            }
          }
        }
      }
    }
  }
}
