{
  "name": "1_splatus:sanctum",
  "fallback": "minecraft:empty",
  "elements": [
    
    {
      "weight": 110,
      "element": {
        "location": "1_splatus:path",
        "processors": "minecraft:empty",
		"projection": "rigid",
        "element_type": "minecraft:single_pool_element"
      }
    },
	{
      "weight": 115,
      "element": {
        "location": "1_splatus:intersect1",
        "processors": "minecraft:empty",
		"projection": "rigid",
        "element_type": "minecraft:single_pool_element"
      }
    },
	{
      "weight": 115,
      "element": {
        "location": "1_splatus:intersect2",
        "processors": "minecraft:empty",
		"projection": "rigid",
        "element_type": "minecraft:single_pool_element"
      }
    },
	{
      "weight": 15,
      "element": {
        "location": "1_splatus:room1",
        "processors": "minecraft:empty",
		"projection": "rigid",
        "element_type": "minecraft:single_pool_element"
      }
    },
    {
      "weight": 15,
      "element": {
        "location": "1_splatus:room2",
        "processors": "minecraft:empty",
		"projection": "rigid",
        "element_type": "minecraft:single_pool_element"
      }
    },
    {
      "weight": 15,
      "element": {
        "location": "1_splatus:room3",
        "processors": "minecraft:empty",
		"projection": "rigid",
        "element_type": "minecraft:single_pool_element"
      }
    },
    {
      "weight": 15,
      "element": {
        "location": "1_splatus:room4",
        "processors": "minecraft:empty",
		"projection": "rigid",
        "element_type": "minecraft:single_pool_element"
      }
    },
    {
      "weight": 15,
      "element": {
        "location": "1_splatus:room5",
        "processors": "minecraft:empty",
		"projection": "rigid",
        "element_type": "minecraft:single_pool_element"
      }
    },
    {
      "weight": 12,
      "element": {
        "location": "1_splatus:room6",
        "processors": "minecraft:empty",
		"projection": "rigid",
        "element_type": "minecraft:single_pool_element"
      }
    },
    {
      "weight": 40,
      "element": {
        "location": "1_splatus:stairs",
        "processors": "minecraft:empty",
		"projection": "rigid",
        "element_type": "minecraft:single_pool_element"
      }
    },
    {
      "weight": 12,
      "element": {
        "location": "1_splatus:stairs2",
        "processors": "minecraft:empty",
		"projection": "rigid",
        "element_type": "minecraft:single_pool_element"
      }
    },
    {
      "weight": 11,
      "element": {
        "location": "1_splatus:big_room1",
        "processors": "minecraft:empty",
		"projection": "rigid",
        "element_type": "minecraft:single_pool_element"
      }
    },
    {
      "weight": 11,
      "element": {
        "location": "1_splatus:big_room2",
        "processors": "minecraft:empty",
		"projection": "rigid",
        "element_type": "minecraft:single_pool_element"
      }
    },
    {
      "weight": 11,
      "element": {
        "location": "1_splatus:big_room3",
        "processors": "minecraft:empty",
		"projection": "rigid",
        "element_type": "minecraft:single_pool_element"
      }
    },
    {
      "weight": 18,
      "element": {
        "location": "1_splatus:sanctum_tower",
        "processors": "minecraft:empty",
		"projection": "rigid",
        "element_type": "minecraft:single_pool_element"
      }
    },
    {
      "weight": 110,
      "element": {
        "location": "1_splatus:lab",
        "processors": "minecraft:empty",
    "projection": "rigid",
        "element_type": "minecraft:single_pool_element"
      }
    }
  ]
}