{
  "name": "1_splatus:sanctum_center",
  "fallback": "minecraft:empty",
  "elements": [
    {
      "weight": 67,
      "element": {
        "location": "1_splatus:sanctum_center",
        "processors": "minecraft:empty",
		"projection": "rigid",
        "element_type": "minecraft:single_pool_element"
      }
    },
    {
      "weight": 33,
      "element": {
        "location": "1_splatus:varient/sanctum_center",
        "processors": "minecraft:empty",
		"projection": "rigid",
        "element_type": "minecraft:single_pool_element"
      }
    }
  ]
}