{
  "name": "1_splatus:sanctum",
  "fallback": "minecraft:empty",
  "elements": [
    
    {
      "weight": 110,
      "element": {
        "location": "1_splatus:varient/path",
        "processors": "minecraft:empty",
		"projection": "rigid",
        "element_type": "minecraft:single_pool_element"
      }
    },
	{
      "weight": 115,
      "element": {
        "location": "1_splatus:varient/intersect1",
        "processors": "minecraft:empty",
		"projection": "rigid",
        "element_type": "minecraft:single_pool_element"
      }
    },
	{
      "weight": 115,
      "element": {
        "location": "1_splatus:varient/intersect2",
        "processors": "minecraft:empty",
		"projection": "rigid",
        "element_type": "minecraft:single_pool_element"
      }
    },
	{
      "weight": 15,
      "element": {
        "location": "1_splatus:varient/oom1",
        "processors": "minecraft:empty",
		"projection": "rigid",
        "element_type": "minecraft:single_pool_element"
      }
    },
    {
      "weight": 15,
      "element": {
        "location": "1_splatus:varient/room2",
        "processors": "minecraft:empty",
		"projection": "rigid",
        "element_type": "minecraft:single_pool_element"
      }
    },
    {
      "weight": 15,
      "element": {
        "location": "1_splatus:varient/room3",
        "processors": "minecraft:empty",
		"projection": "rigid",
        "element_type": "minecraft:single_pool_element"
      }
    },
    {
      "weight": 15,
      "element": {
        "location": "1_splatus:varient/room4",
        "processors": "minecraft:empty",
		"projection": "rigid",
        "element_type": "minecraft:single_pool_element"
      }
    },
    {
      "weight": 15,
      "element": {
        "location": "1_splatus:varient/room5",
        "processors": "minecraft:empty",
		"projection": "rigid",
        "element_type": "minecraft:single_pool_element"
      }
    },
    {
      "weight": 15,
      "element": {
        "location": "1_splatus:varient/room6",
        "processors": "minecraft:empty",
		"projection": "rigid",
        "element_type": "minecraft:single_pool_element"
      }
    },
    {
      "weight": 40,
      "element": {
        "location": "1_splatus:varient/stairs",
        "processors": "minecraft:empty",
		"projection": "rigid",
        "element_type": "minecraft:single_pool_element"
      }
    },
    {
      "weight": 12,
      "element": {
        "location": "1_splatus:varient/stairs",
        "processors": "minecraft:empty",
		"projection": "rigid",
        "element_type": "minecraft:single_pool_element"
      }
    },
    {
      "weight": 11,
      "element": {
        "location": "1_splatus:varient/big_room1",
        "processors": "minecraft:empty",
		"projection": "rigid",
        "element_type": "minecraft:single_pool_element"
      }
    },
    {
      "weight": 11,
      "element": {
        "location": "1_splatus:varient/big_room2",
        "processors": "minecraft:empty",
		"projection": "rigid",
        "element_type": "minecraft:single_pool_element"
      }
    },
    {
      "weight": 11,
      "element": {
        "location": "1_splatus:varient/big_room3",
        "processors": "minecraft:empty",
		"projection": "rigid",
        "element_type": "minecraft:single_pool_element"
      }
    },
    {
      "weight": 110,
      "element": {
        "location": "1_splatus:varient/library",
        "processors": "minecraft:empty",
    "projection": "rigid",
        "element_type": "minecraft:single_pool_element"
      }
    }
  ]
}