{
  "display": {
    "icon": {
      "item": "minecraft:bee_nest"
    },
    "title": {
      "text": "Hivenest"
    },
    "description": {
      "text": "Sneak into queen's nest"
    },
    "frame": "task",
    "show_toast": true,
    "announce_to_chat": true,
    "hidden": false
  },
  "parent": "dnl:story/general/locate_dungeon",
  "criteria": {
    "locate hivenest": {
      "trigger": "minecraft:impossible"
    }
  },
  "rewards": {
    "function": "dnl:advancements/first_dungeon"
  }
}
