{
  "display": {
    "icon": {
      "item": "minecraft:red_mushroom_block"
    },
    "title": "Cleric's Hideout",
    "description": "Find the hidden laboratory",
    "frame": "task",
    "show_toast": true,
    "announce_to_chat": true,
    "hidden": false
  },
  "parent": "dnl:story/structures/deep_oasis/locate",
  "criteria": {
    "locate clerics hideout": {
      "trigger": "minecraft:impossible"
    }
  },
  "rewards": {
    "function": "dnl:advancements/locate_dungeon"
  }
}
