{
  "display": {
    "icon": {
      "item": "minecraft:golden_apple"
    },
    "title": {
      "text": "Villager Doctor"
    },
    "description": {
      "text": "Weaken and then cure Cleric \"Z\""
    },
    "frame": "challenge",
    "show_toast": true,
    "announce_to_chat": true,
    "hidden": false
  },
  "parent": "dnl:story/structures/clerics_hideout/locate",
  "criteria": {
    "cure cleric z": {
      "trigger": "minecraft:cured_zombie_villager",
      "conditions": {
        "zombie": {
          "type": "minecraft:zombie_villager",
          "nbt": "{Tags:[\"dnl.cleric_z\"]}"
        }
      }
    }
  }
}
