[
  {
    "function": "minecraft:set_attributes",
    "modifiers": [
      {
        "attribute": "minecraft:generic.armor",
        "name": "",
        "amount": 3,
        "operation": "addition",
        "slot": "feet"
      }
    ]
  },
  {
    "function": "minecraft:set_attributes",
    "modifiers": [
      {
        "attribute": "minecraft:generic.armor_toughness",
        "name": "",
        "amount": 2,
        "operation": "addition",
        "slot": "feet"
      }
    ]
  }
]