{
    "__comment": "Made with TheDestruc7i0n's advancements generator: https://advancements.thedestruc7i0n.ca",
    "display": {
        "title": {
            "text": "The Kings Residence",
            "color": ""
        },
        "description": {
            "text": "Enter the Blaze Kings Tower inside a nether fortress",
            "color": "green"
        },
        "icon": {
            "item": "minecraft:blaze_powder"
        },
        "frame": "task",
        "show_toast": true,
        "announce_to_chat": true,
        "hidden": false
    },
    "criteria": {
        "c1": {
            "trigger": "minecraft:impossible"
        }
    },
    "parent": "1_splatus:root"
}