{
    "__comment": "Made with TheDestruc7i0n's advancements generator: https://advancements.thedestruc7i0n.ca",
    "display": {
        "title": {
            "text": "Awaken",
            "color": ""
        },
        "description": {
            "text": "Awaken the Ultris god, Blaze King",
            "color": "green"
        },
        "icon": {
            "item": "minecraft:blaze_powder",
            "nbt": "{}"
        },
        "frame": "task",
        "show_toast": true,
        "announce_to_chat": true,
        "hidden": false
    },
    "criteria": {
        "c1": {
            "trigger": "minecraft:impossible"
        }
    },
    "parent": "1_splatus:blazepath/blazetower"
}

