{
    "__comment": "Made with TheDestruc7i0n's advancements generator: https://advancements.thedestruc7i0n.ca",
    "display": {
        "title": {
            "text": "Awaken at Kingdom's End",
            "color": ""
        },
        "description": {
            "text": "Awaken the Ultris god, Shulker Stone\n\nA Ominous sensation fills the air as the King returns when his land is completely barren and corrupted.",
            "color": "green"
        },
        "icon": {
            "item": "minecraft:shulker_shell"
        },
        "frame": "task",
        "show_toast": true,
        "announce_to_chat": true,
        "hidden": true
    },
    "criteria": {
        "c1": {
            "trigger": "minecraft:impossible"
        }
    },
    "parent": "1_splatus:blazepath/shulkerstone"
}