{
    "__comment": "Made with TheDestruc7i0n's advancements generator: https://advancements.thedestruc7i0n.ca",
    "display": {
        "title": {
            "text": "True Form",
            "color": ""
        },
        "description": {
            "text": "Shoot a spectral arrow at the shulker stone",
            "color": "green"
        },
        "icon": {
            "item": "minecraft:milk_bucket"
            
        },
        "frame": "task",
        "show_toast": true,
        "announce_to_chat": true,
        "hidden": false
    },
    "criteria": {
        "c1": {
            "trigger": "minecraft:impossible"
        }
    },
    "parent": "1_splatus:blazepath/shulkerstone2"
}