{
  "type": "minecraft:entity",
  "pools": [
    {
      "rolls": 1,
      "entries": [
        {
          "type": "minecraft:item",
		  "name": "minecraft:carrot_on_a_stick",
          "functions": [
            {
			  "function": "minecraft:set_name",
			  "name": {"translate":"mech.item.spawner_mover","color":"dark_purple","italic":false}
			},
			{
			  "function": "minecraft:set_lore",
			  "lore": [
				{"translate":"mech.lore.added_by","color":"blue","italic":false}
			  ]
			},
			{
              "function": "minecraft:set_nbt",
              "tag":"{mech_itemid: 2200, CustomModelData: 6422200, HideFlags: 6}"
            }
          ]
        }
      ]
    }
  ]
}