{
  "type": "minecraft:decorated",
  "config": {
    "decorator": {
      "type": "minecraft:count_multilayer",
      "config": {
        "count": 15
      }
    },
    "feature": {
      "type": "minecraft:delta_feature",
      "config": {
        "contents": {
          "Name": "minecraft:crimson_nylium",
          "Properties": {}
        },
        "rim": {
          "Name": "minecraft:nether_wart_block"
        },
        "size": {
          "type": "minecraft:uniform",
          "value": {
            "min_inclusive": 10,
            "max_inclusive": 16
          }
        },
        "rim_size": {
          "type": "minecraft:uniform",
          "value": {
            "min_inclusive": 5,
            "max_inclusive": 8
          }
        }
      }
    }
  }
}
