{
    "type": "minecraft:decorated",
    "config": {
        "decorator": {
            "type": "minecraft:count_multilayer",
            "config": {
                "count": 40
            }
        },
        "feature": {
            "type": "minecraft:delta_feature",
            "config": {
                "contents": {
                    "Name": "minecraft:crimson_nylium"
                },
                "rim": {
                    "Name": "minecraft:nether_wart_block"
                },
                "size": {
                    "type": "minecraft:uniform",
                    "value": {
                        "min_inclusive": 6,
                        "max_inclusive": 10
                    }
                },
                "rim_size": {
                    "type": "minecraft:uniform",
                    "value": {
                        "min_inclusive": 0,
                        "max_inclusive": 8
                    }
                }
            }
        }
    }
}