{
  "type": "minecraft:entity",
  "pools": [
    {
      "rolls": 1,
      "entries": [
        {
          "type": "minecraft:item",
		  "name": "minecraft:potion",
          "functions": [
            {
			  "function": "minecraft:set_name",
			  "name": {"translate":"mech.item.filled_bucket","italic":false,"with":[{"translate":"mech.liquid.water"}]}
			},
			{
			  "function": "minecraft:set_lore",
			  "lore": [
				{"translate":"mech.lore.liquid_amount","color":"gray","italic":false,"with":[{"text":"1000"}]},
				{"translate":"mech.lore.added_by","color":"blue","italic":false}
			  ]
			},
			{
              "function": "minecraft:set_nbt",
              "tag":"{mech_itemid: 1106, CustomModelData: 6421106, HideFlags: 38, CustomPotionColor:3432410, ctc:{ id:\"bucket\", from:\"mechanization\", traits:{ item:1b, liquid:{water:1b, amount:1000, temperature:25, color:3432410} }}}"
            }
          ]
        }
      ]
    }
  ]
}