{
  "type": "minecraft:entity",
  "pools": [
    {
      "rolls": 1,
      "entries": [
        {
          "type": "minecraft:item",
		  "name": "minecraft:potion",
          "functions": [
            {
			  "function": "minecraft:set_name",
			  "name": {"translate":"mech.item.filled_vial","italic":false,"with":[{"translate":"mech.liquid.molten_iron"}]}
			},
			{
			  "function": "minecraft:set_lore",
			  "lore": [
				{"translate":"mech.lore.liquid_amount","color":"gray","italic":false,"with":[{"text":"1000"}]},
				{"translate":"mech.lore.added_by","color":"blue","italic":false}
			  ]
			},
			{
              "function": "minecraft:set_nbt",
              "tag":"{mech_itemid: 1108, CustomModelData: 6421108, HideFlags: 38, CustomPotionColor:14194583, ctc:{ id:\"vial\", from:\"mechanization\", traits:{ item:1b, liquid:{id:\"molten_iron\", molten:1b, amount:1000, temperature:1500, color:14194583, name:'{\"translate\":\"mech.liquid.molten_iron\"}'} }}}"
            }
          ]
        }
      ]
    }
  ]
}