{
  "type": "minecraft:decorated",
  "config": {
    "decorator": {
      "type": "minecraft:count",
      "config": {
        "count": 20
      }
    },
    "feature": {
      "type": "minecraft:decorated",
      "config": {
        "decorator": {
          "type": "minecraft:decorated",
          "config": {
            "outer": {
              "type": "minecraft:square",
              "config": {}
            },
            "inner": {
              "type": "minecraft:count_noise_biased",
              "config": {
                "noise_to_count_ratio": 1,
                "noise_factor": 10,
                "noise_offset": -0.1
              }
            }
          }
        },
        "feature": {
          "type": "minecraft:decorated",
          "config": {
            "decorator": {
              "type": "minecraft:range",
              "config": {
                "height": {
                  "type": "minecraft:uniform",
                  "min_inclusive": {
                    "above_bottom": 0
                  },
                  "max_inclusive": {
                    "below_top": 0
                  }
                }
              }
            },
            "feature": {
              "type": "minecraft:flower",
              "config": {
                "can_replace": false,
                "project": true,
                "need_water": false,
                "xspread": 7,
                "yspread": 3,
                "zspread": 7,
                "tries": 5,
                "state_provider": {
                  "type": "minecraft:weighted_state_provider",
                  "entries": [
                    {
                      "weight": 1,
                      "data": {
                        "Name": "minecraft:large_amethyst_bud",
                        "Properties": {
                          "facing": "up",
                          "waterlogged": "false"
                        }
                      }
                    }
                  ]
                },
                "block_placer": {
                  "type": "minecraft:simple_block_placer"
                },
                "whitelist": [
                  {
                    "Name": "minecraft:grass_block",
                    "Properties": {
                      "snowy": "false"
                    }
                  },
                  {
                    "Name": "minecraft:end_stone_bricks"
                  },
                  {
                    "Name": "minecraft:end_stone"
                  }
                ],
                "blacklist": []
              }
            }
          }
        }
      }
    }
  }
}
