{
  "criteria": {
    "requirement": {
      "trigger": "minecraft:item_durability_changed",
      "conditions": {
        "item": {
          "items": [
            "minecraft:wooden_pickaxe",
            "minecraft:stone_pickaxe",
            "minecraft:golden_pickaxe",
            "minecraft:iron_pickaxe",
            "minecraft:diamond_pickaxe",
            "minecraft:netherite_pickaxe"
          ]
        }
      }
    }
  },
  "rewards": {
    "function": "ench:mine"
  }
}
