{
  "type": "minecraft:decorated",
  "config": {
    "decorator": {
      "type": "minecraft:count",
      "config": {
        "count": 30
      }
    },
    "feature": {
      "type": "minecraft:decorated",
      "config": {
        "decorator": {
          "type": "minecraft:square",
          "config": {}
        },
        "feature": {
          "type": "minecraft:decorated",
          "config": {
            "decorator": {
              "type": "minecraft:range",
              "config": {
                "height": {
                  "type": "minecraft:uniform",
                  "min_inclusive": {
                    "above_bottom": 0
                  },
                  "max_inclusive": {
                    "below_top": 0
                  }
                }
              }
            },
            "feature": {
              "type": "minecraft:decorated",
              "config": {
                "decorator": {
                  "type": "minecraft:cave_surface",
                  "config": {
                    "surface": "floor",
                    "floor_to_ceiling_search_range": 10
                  }
                },
                "feature": {
                  "type": "minecraft:vegetation_patch",
                  "config": {
                    "surface": "floor",
                    "depth": 1,
                    "vertical_range": 1,
                    "extra_bottom_block_chance": 0,
                    "extra_edge_column_chance": 0,
                    "vegetation_chance": 1,
                    "xz_radius": 0,
                    "replaceable": "far_end:flesh_tundra/surface_inner",
                    "ground_state": {
                      "type": "minecraft:simple_state_provider",
                      "state": {
                        "Name": "minecraft:bone_block",
                        "Properties": {
                          "axis": "y"
                        }
                      }
                    },
                    "vegetation_feature": {
                      "type": "minecraft:random_selector",
                      "config": {
                        "features": [
                          {
                            "chance": 1,
                            "feature": "far_end:tundra/tree/bone_rib"
                          }
                        ],
                        "default": "far_end:nothing"
                      }
                    }
                  }
                }
              }
            }
          }
        }
      }
    }
  }
}
