{
  "type": "minecraft:decorated",
  "config": {
    "decorator": {
      "type": "minecraft:count_extra",
      "config": {
        "count": 1600,
        "extra_count": 0,
        "extra_chance": 0
      }
    },
    "feature": {
      "type": "minecraft:decorated",
      "config": {
        "decorator": {
          "type": "minecraft:decorated",
          "config": {
            "outer": {
              "type": "minecraft:square",
              "config": {}
            },
            "inner": {
              "type": "minecraft:count_noise_biased",
              "config": {
                "noise_to_count_ratio": 100,
                "noise_factor": 50,
                "noise_offset": 0
              }
            }
          }
        },
        "feature": {
          "type": "minecraft:decorated",
          "config": {
            "decorator": {
              "type": "minecraft:decorated",
              "config": {
                "outer": {
                  "type": "minecraft:square",
                  "config": {}
                },
                "inner": {
                  "type": "minecraft:range",
                  "config": {
                    "height": {
                      "type": "minecraft:uniform",
                      "min_inclusive": {
                        "above_bottom": 0
                      },
                      "max_inclusive": {
                        "below_top": 0
                      }
                    }
                  }
                }
              }
            },
            "feature": {
              "type": "minecraft:decorated",
              "config": {
                "decorator": {
                  "type": "minecraft:cave_surface",
                  "config": {
                    "surface": "floor",
                    "floor_to_ceiling_search_range": 4
                  }
                },
                "feature": {
                  "type": "minecraft:vegetation_patch",
                  "config": {
                    "surface": "floor",
                    "depth": 1,
                    "vertical_range": 1,
                    "extra_bottom_block_chance": 0,
                    "extra_edge_column_chance": 0,
                    "vegetation_chance": 1,
                    "xz_radius": 0,
                    "replaceable": "far_end:flesh_tundra/surface_inner",
                    "ground_state": {
                      "type": "minecraft:weighted_state_provider",
                      "entries": [
                        {
                          "weight": 1,
                          "data": {
                            "Name": "minecraft:crimson_nylium"
                          }
                        },
                        {
                          "weight": 1,
                          "data": {
                            "Name": "minecraft:nether_wart_block"
                          }
                        },
                        {
                          "weight": 1,
                          "data": {
                            "Name": "minecraft:grass_block",
                            "Properties": {
                              "snowy": "false"
                            }
                          }
                        }
                      ]
                    },
                    "vegetation_feature": {
                      "type": "minecraft:flower",
                      "config": {
                        "can_replace": true,
                        "project": true,
                        "need_water": false,
                        "xspread": 1,
                        "yspread": 1,
                        "zspread": 1,
                        "tries": 3,
                        "state_provider": {
                          "type": "minecraft:weighted_state_provider",
                          "entries": [
                            {
                              "weight": 1,
                              "data": {
                                "Name": "minecraft:crimson_fungus"
                              }
                            },
                            {
                              "weight": 3,
                              "data": {
                                "Name": "minecraft:crimson_roots"
                              }
                            },
                            {
                              "weight": 3,
                              "data": {
                                "Name": "minecraft:grass"
                              }
                            },
                            {
                              "weight": 3,
                              "data": {
                                "Name": "minecraft:oak_leaves",
                                "Properties": {
                                  "distance": "7",
                                  "persistent": "true"
                                }
                              }
                            }
                          ]
                        },
                        "block_placer": {
                          "type": "minecraft:simple_block_placer"
                        },
                        "whitelist": [],
                        "blacklist": []
                      }
                    }
                  }
                }
              }
            }
          }
        }
      }
    }
  }
}
