{
    "display": {
        "title": {
            "translate": "mech.advancements.plate.title",
			"color":"green"
        },
        "description": {
            "translate": "mech.advancements.plate.desc",
			"color":"dark_aqua"
        },
        "icon": {
            "item": "minecraft:structure_block",
            "nbt": "{CustomModelData:6421470}"
        },
        "frame": "task"
    },
    "criteria": {
        "have_wrench": {
            "trigger": "minecraft:inventory_changed",
            "conditions": {
                "items": [{
                        "nbt": "{ctc:{traits:{plate:1b}}}"
                    }
                ]
            }
        }
    },
    "parent": "mechanization:base/rod"
}
