{
    "display": {
        "title": {
            "translate": "mech.advancements.quantum_battery.title",
			"color":"green"
        },
        "description": {
            "translate": "mech.advancements.quantum_battery.desc",
			"color":"dark_aqua"
        },
        "icon": {
            "item": "minecraft:blast_furnace",
            "nbt": "{CustomModelData:6421003}"
        },
        "frame": "task"
    },
    "criteria": {
        "have_battery_1": {
            "trigger": "minecraft:inventory_changed",
            "conditions": {
                "items": [{
                        "nbt": "{mech_itemid:1003}"
                    }
                ]
            }
        }
    },
    "parent": "mechanization:base/tier_3_machine_frame"
}
