{
    "display": {
        "title": {
            "translate": "mech.advancements.tier_3_machine_frame.title",
			"color":"green"
        },
        "description": {
            "translate": "mech.advancements.tier_3_machine_frame.desc",
			"color":"dark_aqua"
        },
        "icon": {
            "item": "minecraft:blast_furnace",
            "nbt": "{CustomModelData:6421009}"
        },
        "frame": "goal"
    },
    "criteria": {
        "have_frame_1": {
            "trigger": "minecraft:inventory_changed",
            "conditions": {
                "items": [{
                        "nbt": "{mech_itemid:1009}"
                    }
                ]
            }
        }
    },
    "parent": "mechanization:base/machine_upgrade"
}
