{
  "type": "minecraft:decorated",
  "config": {
    "decorator": {
      "type": "minecraft:count",
      "config": {
        "count": 100
      }
    },
    "feature": {
      "type": "minecraft:decorated",
      "config": {
        "decorator": {
          "type": "minecraft:decorated",
          "config": {
            "outer": {
              "type": "minecraft:square",
              "config": {}
            },
            "inner": {
              "type": "minecraft:count_noise_biased",
              "config": {
                "noise_to_count_ratio": 10,
                "noise_factor": 1,
                "noise_offset": 0
              }
            }
          }
        },
        "feature": {
          "type": "minecraft:decorated",
          "config": {
            "decorator": {
              "type": "minecraft:range",
              "config": {
                "height": {
                  "type": "minecraft:uniform",
                  "min_inclusive": {
                    "above_bottom": 0
                  },
                  "max_inclusive": {
                    "below_top": 0
                  }
                }
              }
            },
            "feature": {
              "type": "minecraft:decorated",
              "config": {
                "decorator": {
                  "type": "minecraft:cave_surface",
                  "config": {
                    "surface": "floor",
                    "floor_to_ceiling_search_range": 10
                  }
                },
                "feature": {
                  "type": "minecraft:lake",
                  "config": {
                    "state": {
                      "Name": "minecraft:water",
                      "Properties": {
                        "level": "0"
                      }
                    }
                  }
                }
              }
            }
          }
        }
      }
    }
  }
}
