{
    "__comment": "Made with TheDestruc7i0n's advancements generator: https://advancements.thedestruc7i0n.ca",
    "display": {
        "title": {
            "text": "Ultris Conqueror",
            "color": ""
        },
        "description": {
            "text": "Defeat every Ultris god/boss",
            "color": "blue"
        },
        "icon": {
            "item": "minecraft:knowledge_book",
            "nbt": "{enchants:[{lvl:4,id:6}],has_enchants:1b,Enchantments:[{}]}"
        },
        "frame": "challenge",
        "show_toast": true,
        "announce_to_chat": true,
        "hidden": false
    },
    "criteria": {
        "corrupted_enderman": {
            "trigger": "minecraft:impossible"
        },
        "blaze_king": {
            "trigger": "minecraft:impossible"
        },
        "ultra_wither": {
            "trigger": "minecraft:impossible"
        },
        "sanctum_keeper": {
            "trigger": "minecraft:impossible"
        },
        "phantom_swarm": {
            "trigger": "minecraft:impossible"
        },
        "giant": {
            "trigger": "minecraft:impossible"
        },
        "illusioner": {
            "trigger": "minecraft:impossible"
        },
        "shulker_stone": {
            "trigger": "minecraft:impossible"
        }
    },
    "parent": "1_splatus:root"
}