{
    "__comment": "Made with TheDestruc7i0n's advancements generator: https://advancements.thedestruc7i0n.ca",
    "display": {
        "title": {
            "text": "Fountain of Youth?",
            "color": ""
        },
        "description": {
            "text": "Throw a weakness potion at a zombie and turn it into a... baby zombie. ",
            "color": "green"
        },
        "icon": {
            "item": "minecraft:splash_potion"
            ,"nbt": "{Potion:\"minecraft:weakness\"}"
        },
        "frame": "task",
        "show_toast": true,
        "announce_to_chat": true,
        "hidden": false
    },
    "criteria": {
        "c1": {
            "trigger": "minecraft:impossible"
        }
    },
    "parent": "1_splatus:giantrevive"
}