{
    "__comment": "Made with TheDestruc7i0n's advancements generator: https://advancements.thedestruc7i0n.ca",
    "display": {
        "title": {
            "text": "No Giant Is Stronger Than Me!",
            "color": ""
        },
        "description": {
            "text": "Defeat the Giant",
            "color": "green"
        },
        "icon": {
            "item": "minecraft:zombie_head"
            ,"nbt": "{}"
        },
        "frame": "task",
        "show_toast": true,
        "announce_to_chat": true,
        "hidden": false
    },
    "criteria": {
        "c1": {
            "trigger": "minecraft:impossible"
        }
    },
    "parent": "1_splatus:giantrevive"
}