{
    "__comment": "Made with TheDestruc7i0n's advancements generator: https://advancements.thedestruc7i0n.ca",
    "display": {
        "title": {
            "text": "What Species is That?",
            "color": ""
        },
        "description": {
            "text": "Find a pig with strange purple particles...",
            "color": "green"
        },
        "icon": {
            "item": "minecraft:porkchop"
            
        },
        "frame": "task",
        "show_toast": false,
        "announce_to_chat": false,
        "hidden": false
    },
    "criteria": {
        "c1": {
            "trigger": "minecraft:impossible"
        }
    },
    "parent": "1_splatus:root"
}