{
    "__comment": "Made with TheDestruc7i0n's advancements generator: https://advancements.thedestruc7i0n.ca",
    "display": {
        "title": {
            "text": "Poof!",
            "color": ""
        },
        "description": {
            "text": "Defeat the Illusioner",
            "color": "green"
        },
        "icon": {
            "item": "minecraft:enchanted_book"
            
        },
        "frame": "task",
        "show_toast": true,
        "announce_to_chat": true,
        "hidden": false
    },
    "criteria": {
        "c1": {
            "trigger": "minecraft:impossible"
        }
    },
    "parent": "1_splatus:illusioner2"
}