{
    "__comment": "Made with TheDestruc7i0n's advancements generator: https://advancements.thedestruc7i0n.ca",
    "display": {
        "title": {
            "text": "Porky Illusions",
            "color": ""
        },
        "description": {
            "text": "Encounter the Ultris (mini) god, the Illusioner, with a new revamped moveset.",
            "color": "green"
        },
        "icon": {
            "item": "minecraft:player_head",
            "nbt": "{display:{Name:\"{\\\"text\\\":\\\"Illusioner\\\"}\"},SkullOwner:{Id:[I;-962516525,1730102517,-1928593818,-65183949],Properties:{textures:[{Value:\"eyJ0ZXh0dXJlcyI6eyJTS0lOIjp7InVybCI6Imh0dHA6Ly90ZXh0dXJlcy5taW5lY3JhZnQubmV0L3RleHR1cmUvMmYyODgyZGQwOTcyM2U0N2MwYWI5NjYzZWFiMDgzZDZhNTk2OTI3MzcwNjExMGM4MjkxMGU2MWJmOGE4ZjA3ZSJ9fX0=\"}]}}}"
        },
        "frame": "task",
        "show_toast": true,
        "announce_to_chat": true,
        "hidden": false
    },
    "criteria": {
        "c1": {
            "trigger": "minecraft:impossible"
        }
    },
    "parent": "1_splatus:illusioner"
}