{
    "__comment": "Made with TheDestruc7i0n's advancements generator: https://advancements.thedestruc7i0n.ca",
    "display": {
        "title": {
            "text": "Together In The Dark",
            "color": ""
        },
        "description": {
            "text": "Bring out the friends of the lone phantom and discover the Phantom Swarm",
            "color": "green"
        },
        "icon": {
            "item": "minecraft:end_stone"
        },
        "frame": "task",
        "show_toast": true,
        "announce_to_chat": true,
        "hidden": false
    },
    "criteria": {
        "c1": {
            "trigger": "minecraft:impossible"
            
        }
    },
    "parent": "1_splatus:phantom"
}