{
    "__comment": "Made with TheDestruc7i0n's advancements generator: https://advancements.thedestruc7i0n.ca",
    "display": {
        "title": {
            "text": "Ultris: Minecraft Boss Expansion",
            "color": ""
        },
        "description": {
            "text": "Venture further and discover the three, Ultris gods of Minecraft, Created by AndresTheSplatus#4730",
            "color": "yellow"
        },
        "icon": {
            
                "item": "minecraft:enchanted_book",
                "nbt": "{CustomModelData:87003}"
        },
        "frame": "task",
        "show_toast": true,
        "announce_to_chat": true,
        "hidden": false,
        "background": "minecraft:textures/block/obsidian.png"
    },
    "criteria": {
        "c1": {
            "trigger": "minecraft:impossible"
        }
    }
}