





{
    "__comment": "Made with TheDestruc7i0n's advancements generator: https://advancements.thedestruc7i0n.ca",
    "display": {
        "title": {
            "text": "Ultra Withering Heights",
            "color": ""
        },
        "description": {
            "text": "Throw a Enchanted Command Block at a Wither, summon the Ultris god, Ultra Wither\n\nCommand Blocks unlock after defeating Corrupted Enderman",
            "color": "green"
        },
        "icon": {
            "item": "minecraft:nether_star"
        },
        "frame": "task",
        "show_toast": true,
        "announce_to_chat": true,
        "hidden": false
    },
    "criteria": {
        "c1": {
            "trigger": "minecraft:impossible"
        }
    },
    "parent": "1_splatus:command"
}