{
    "__comment": "Made with TheDestruc7i0n's advancements generator: https://advancements.thedestruc7i0n.ca",
    "display": {
        "title": {
            "text": "Double It Up!",
            "color": ""
        },
        "description": {
            "text": "Throw a second command block at the Ultra Wither to receive more XP after defeation",
            "color": "green"
        },
        "icon": {
            "item": "minecraft:experience_bottle"
        },
        "frame": "task",
        "show_toast": true,
        "announce_to_chat": true,
        "hidden": false
    },
    "criteria": {
        "c1": {
            "trigger": "minecraft:impossible"
        }
    },
    "parent": "1_splatus:ultrawither"
}