{
    "__comment": "Made with TheDestruc7i0n's advancements generator: https://advancements.thedestruc7i0n.ca",
    "display": {
        "title": {
            "text": "Ultra Demise",
            "color": ""
        },
        "description": {
            "text": "Defeat the Ultra Wither",
            "color": "dark_purple"
        },
        "icon": {
            "item": "minecraft:enchanted_book",
            "nbt": "{CustomModelData:87003}"
        },
        "frame": "challenge",
        "show_toast": true,
        "announce_to_chat": true,
        "hidden": false
    },
    "criteria": {
        "c1": {
            "trigger": "minecraft:impossible"
        }
    },
    "parent": "1_splatus:ultrawither"
}