{
    "type": "minecraft:decorated",
    "config": {
        "decorator": {
            "type": "minecraft:count_extra",
            "config": {
                "count": 20,
                "extra_count": 0,
                "extra_chance": 0
            }
        },
        "feature": {
            "type": "minecraft:decorated",
            "config": {
                "decorator": {
                    "type": "minecraft:decorated",
                    "config": {
                        "outer": {
                            "type": "minecraft:square",
                            "config": {}
                        },
                        "inner": {
                            "type": "minecraft:count_noise_biased",
                            "config": {
                                "noise_to_count_ratio": 10,
                                "noise_factor": 20,
                                "noise_offset": 0
                            }
                        }
                    }
                },
                "feature": {
                    "type": "minecraft:decorated",
                    "config": {
                        "decorator": {
                            "type": "minecraft:range",
                            "config": {
                                "height": {
                                    "type": "minecraft:uniform",
                                    "min_inclusive": {
                                        "above_bottom": 0
                                    },
                                    "max_inclusive": {
                                        "below_top": 0
                                    }
                                }
                            }
                        },
                        "feature": {
                            "type": "minecraft:decorated",
                            "config": {
                                "decorator": {
                                    "type": "minecraft:cave_surface",
                                    "config": {
                                        "surface": "ceiling",
                                        "floor_to_ceiling_search_range": 90
                                    }
                                },
                                "feature": {
                                    "type": "minecraft:vegetation_patch",
                                    "config": {
                                        "surface": "ceiling",
                                        "depth": {
                                            "type": "minecraft:uniform",
                                            "value": {
                                                "min_inclusive": 3,
                                                "max_inclusive": 8
                                            }
                                        },
                                        "vertical_range": 20,
                                        "extra_bottom_block_chance": 0.5,
                                        "extra_edge_column_chance": 0.5,
                                        "vegetation_chance": 1,
                                        "xz_radius": {
                                            "type": "minecraft:uniform",
                                            "value": {
                                                "min_inclusive": 3,
                                                "max_inclusive": 8
                                            }
                                        },
                                        "replaceable": "far_end:ashfall_delta/island_bottom",
                                        "ground_state": {
                                            "type": "minecraft:simple_state_provider",
                                            "state": {
                                                "Name": "minecraft:basalt",
                                                "Properties": {
                                                    "axis": "y"
                                                }
                                            }
                                        },
                                        "vegetation_feature": {
                                            "type": "minecraft:growing_plant",
                                            "config": {
                                                "direction": "down",
                                                "allow_water": false,
                                                "height_distribution": [
                                                    {
                                                        "weight": 1,
                                                        "data": 1
                                                    }
                                                ],
                                                "body_provider": {
                                                    "type": "minecraft:simple_state_provider",
                                                    "state": {
                                                        "Name": "minecraft:basalt",
                                                        "Properties": {
                                                            "axis": "y"
                                                        }
                                                    }
                                                },
                                                "head_provider": {
                                                    "type": "minecraft:simple_state_provider",
                                                    "state": {
                                                        "Name": "minecraft:basalt",
                                                        "Properties": {
                                                            "axis": "y"
                                                        }
                                                    }
                                                }
                                            }
                                        }
                                    }
                                }
                            }
                        }
                    }
                }
            }
        }
    }
}