{
  "display": {
    "icon": {
      "item": "minecraft:acacia_log"
    },
    "title": {
      "text": "Railway Outpost"
    },
    "description": {
      "text": "Railway abducted by the crossbow barbarians!"
    },
    "frame": "task",
    "show_toast": true,
    "announce_to_chat": true,
    "hidden": false
  },
  "parent": "dnl:story/structures/clerics_hideout/locate",
  "criteria": {
    "locate railway outpost": {
      "trigger": "minecraft:impossible"
    }
  },
  "rewards": {
    "function": "dnl:advancements/locate_dungeon"
  }
}
