{
  "surface_builder": "far_end:amethyst_forest",
  "depth": -0.5,
  "scale": 0.3,
  "temperature": 0.8,
  "downfall": 0.4,
  "precipitation": "none",
  "category": "the_end",
  "player_spawn_friendly": false,
  "creature_spawn_probability": 0,
  "effects": {
    "sky_color": 7907327,
    "fog_color": 16636149,
    "water_color": 15979007,
    "water_fog_color": 329011,
    "grass_color": 7289714,
    "foliage_color": 14593535,
    "grass_color_modifier": "none",
    "mood_sound": {
      "sound": "ambient.underwater.loop.additions.rare",
      "tick_delay": 100,
      "block_search_extent": 10,
      "offset": 100
    },
    "additions_sound": {
      "sound": "ambient.underwater.loop.additions.ultra_rare",
      "tick_chance": 0.01
    },
    "music": {
      "sound": "music.nether.nether_waste",
      "min_delay": 100,
      "max_delay": 200,
      "replace_current_music": false
    },
    "particle": {
      "options": {
        "type": "dripping_obsidian_tear"
      },
      "probability": 0.005
    }
  },
  "starts": [
    "minecraft:stronghold",
    "minecraft:end_city"
  ],
  "spawners": {
    "monster": [
      {
        "type": "minecraft:enderman",
        "weight": 10,
        "minCount": 4,
        "maxCount": 4
      },
      {
        "type": "minecraft:vex",
        "weight": 100,
        "minCount": 4,
        "maxCount": 4
      },
      {
        "type": "minecraft:evoker",
        "weight": 1,
        "minCount": 1,
        "maxCount": 1
      },
      {
        "type": "minecraft:witch",
        "weight": 10,
        "minCount": 4,
        "maxCount": 4
      }
    ]
  },
  "spawn_costs": {},
  "carvers": {
    "air": []
  },
  "features": [
    [
      "far_end:amethyst/island/calcite_bottom"
    ],
    [],
    [
      "far_end:amethyst/geode/amethyst"
    ],
    [],
    [],
    [],
    [],
    [],
    [
      "far_end:amethyst/vegetation/trees",
      "far_end:amethyst/vegetation/amethyst",
      "far_end:amethyst/vegetation/hanging_amethyst",
      "far_end:amethyst/vegetation/flower",
      "far_end:amethyst/vegetation/patch_grass",
      "far_end:amethyst/vegetation/patch_crying_obsidian"
    ],
    [
      "far_end:amethyst/tree/purple",
      "far_end:general/end_spike/center/2",
      "far_end:general/end_spike/ring/1",
      "far_end:general/end_spike/ring/2",
      "far_end:general/end_spike/ring/3",
      "far_end:general/end_spike/ring/4",
      "far_end:general/end_spike/ring/5",
      "far_end:general/end_spike/ring/6",
      "far_end:general/end_spike/ring/7",
      "far_end:general/end_spike/ring/8",
      "far_end:general/end_spike/ring/9",
      "far_end:general/end_spike/ring/10"
    ]
  ]
}
