{
  "surface_builder": "minecraft:end",
  "depth": -0.5,
  "scale": 0.3,
  "temperature": 0.5,
  "downfall": 0.5,
  "precipitation": "none",
  "category": "the_end",
  "player_spawn_friendly": true,
  "effects": {
    "sky_color": 0,
    "fog_color": 10518688,
    "water_color": 4159204,
    "water_fog_color": 329011,
    "mood_sound": {
      "sound": "minecraft:ambient.cave",
      "tick_delay": 6000,
      "block_search_extent": 8,
      "offset": 2
    }
  },
  "starts": [
    "minecraft:end_city"
  ],
  "spawners": {
    "monster": [
      {
        "type": "minecraft:enderman",
        "weight": 10,
        "minCount": 4,
        "maxCount": 4
      }
    ],
    "creature": [],
    "ambient": [],
    "underground_water_creature": [],
    "water_creature": [],
    "water_ambient": [],
    "misc": []
  },
  "spawn_costs": {},
  "carvers": {},
  "features": [
    [],
    [],
    [],
    [],
    [
      "minecraft:end_gateway"
    ],
    [],
    [],
    [],
    [
      "far_end:waste/chorus_plant",
      "far_end:general/end_spike/center/2",
      "far_end:general/end_spike/ring/1",
      "far_end:general/end_spike/ring/2",
      "far_end:general/end_spike/ring/3",
      "far_end:general/end_spike/ring/4",
      "far_end:general/end_spike/ring/5",
      "far_end:general/end_spike/ring/6",
      "far_end:general/end_spike/ring/7",
      "far_end:general/end_spike/ring/8",
      "far_end:general/end_spike/ring/9",
      "far_end:general/end_spike/ring/10"
    ]
  ]
}
