{
  "surface_builder": "far_end:the_nest",
  "depth": -0.5,
  "scale": 0.3,
  "temperature": 0.8,
  "downfall": 0.4,
  "precipitation": "none",
  "category": "the_end",
  "player_spawn_friendly": false,
  "creature_spawn_probability": 0,
  "effects": {
    "sky_color": 7907327,
    "fog_color": 16636149,
    "water_color": 4159204,
    "water_fog_color": 329011,
    "grass_color_modifier": "none",
    "music": {
      "sound": "music.end",
      "min_delay": 100,
      "max_delay": 200,
      "replace_current_music": false
    },
    "particle": {
      "options": {
        "type": "minecraft:ash"
      },
      "probability": 0.05
    }
  },
  "starts": [
    "minecraft:stronghold",
    "minecraft:nether_fossil"
  ],
  "spawners": {},
  "spawn_costs": {},
  "carvers": {
    "air": [
      "far_end:surface_scar"
    ]
  },
  "features": [
    [
      "far_end:nest/island/end_stone_bottom",
      "far_end:nest/hills/deepslate",
      "far_end:nest/surface/tuff"
    ],
    [],
    [
      "far_end:general/dragon_egg"
    ],
    [
      "minecraft:fossil"
    ],
    [],
    [],
    [],
    [
      "far_end:nest/vegetation/dead_corals"
    ],
    [
      "far_end:general/end_spike/center/2",
      "far_end:general/end_spike/ring/1",
      "far_end:general/end_spike/ring/2",
      "far_end:general/end_spike/ring/3",
      "far_end:general/end_spike/ring/4",
      "far_end:general/end_spike/ring/5",
      "far_end:general/end_spike/ring/6",
      "far_end:general/end_spike/ring/7",
      "far_end:general/end_spike/ring/8",
      "far_end:general/end_spike/ring/9",
      "far_end:general/end_spike/ring/10"
    ]
  ]
}
