{
  "surface_builder": "far_end:warped_marsh",
  "depth": -0.7,
  "scale": 0.3,
  "temperature": 0.8,
  "downfall": 0.4,
  "precipitation": "none",
  "temperature_modifier": "none",
  "category": "swamp",
  "player_spawn_friendly": false,
  "creature_spawn_probability": 0,
  "effects": {
    "sky_color": 7907327,
    "fog_color": 12638463,
    "water_color": 10672615,
    "water_fog_color": 6798273,
    "grass_color": 117978,
    "foliage_color": 56800,
    "ambient_sound": "ambient.warped_forest.loop",
    "mood_sound": {
      "sound": "ambient.warped_forest.mood",
      "tick_delay": 100,
      "block_search_extent": 10,
      "offset": 100
    },
    "additions_sound": {
      "sound": "ambient.warped_forest.additions",
      "tick_chance": 0.1
    },
    "music": {
      "sound": "music.nether.crimson_forest",
      "min_delay": 100,
      "max_delay": 200,
      "replace_current_music": false
    },
    "particle": {
      "options": {
        "type": "warped_spore"
      },
      "probability": 0.05
    }
  },
  "starts": [
    "minecraft:stronghold",
    "minecraft:end_city"
  ],
  "spawners": {
    "monster": [
      {
        "type": "minecraft:endermite",
        "weight": 10,
        "minCount": 4,
        "maxCount": 4
      },
      {
        "type": "minecraft:enderman",
        "weight": 10,
        "minCount": 4,
        "maxCount": 4
      }
    ],
    "misc": [
      {
        "type": "minecraft:slime",
        "weight": 100,
        "minCount": 4,
        "maxCount": 4
      }
    ]
  },
  "spawn_costs": {},
  "carvers": {
    "air": [
      "far_end:surface_scar"
    ]
  },
  "features": [
    [],
    [
      "far_end:warped/aquatic/lake"
    ],
    [],
    [
      "far_end:warped/aquatic/delta"
    ],
    [],
    [],
    [],
    [
      "minecraft:seagrass_swamp",
      "minecraft:warm_ocean_vegetation",
      "far_end:warped/vegetation/grass/patch_grass",
      "far_end:warped/vegetation/grass/patch_blue_orchid",
      "far_end:warped/vegetation/grass/patch_melon",
      "far_end:warped/vegetation/grass/patch_warped_roots",
      "far_end:warped/vegetation/grass/patch_nether_sprouts",
      "far_end:warped/vegetation/water/sea_pickle",
      "far_end:warped/vegetation/water/patch_waterlilly",
      "far_end:warped/vegetation/water/under_island_extra",
      "far_end:warped/vegetation/water/pool"
    ],
    [
      "far_end:general/end_spike/center/2",
      "far_end:general/end_spike/ring/1",
      "far_end:general/end_spike/ring/2",
      "far_end:general/end_spike/ring/3",
      "far_end:general/end_spike/ring/4",
      "far_end:general/end_spike/ring/5",
      "far_end:general/end_spike/ring/6",
      "far_end:general/end_spike/ring/7",
      "far_end:general/end_spike/ring/8",
      "far_end:general/end_spike/ring/9",
      "far_end:general/end_spike/ring/10",
      "minecraft:chorus_plant",
      "far_end:warped/tree/warped"
    ]
  ]
}