[
  {
    "function": "minecraft:set_nbt",
    "tag": "{has_enchants:1b}",
    "conditions": [
      {
        "condition": "minecraft:inverted",
        "term": {
          "condition": "minecraft:entity_properties",
          "entity": "this",
          "predicate": {
            "equipment": {
              "feet": {
                "nbt": "{has_enchants:1b}"
              }
            }
          }
        }
      }
    ]
  },
  {
    "function": "minecraft:set_nbt",
    "tag": "{Enchantments:[{}]}",
    "conditions": [
      {
        "condition": "minecraft:inverted",
        "term": {
          "condition": "minecraft:entity_properties",
          "entity": "this",
          "predicate": {
            "equipment": {
              "feet": {
                "enchantments": [
                  {}
                ]
              }
            }
          }
        }
      }
    ]
  },
  {
    "function": "minecraft:set_lore",
    "entity": "this",
    "lore": [
      [
        {
          "nbt": "load_lore",
          "storage": "minecraft:ench",
          "interpret": false,
          "color": "gray",
          "italic": false
        }
      ]
    ],
    "replace": false
  },
  {
    "function": "minecraft:copy_nbt",
    "source": {
      "type": "minecraft:storage",
      "source": "minecraft:ench"
    },
    "ops": [
      {
        "source": "load_id",
        "target": "enchants",
        "op": "append"
      }
    ]
  }
]
