{
  "type": "minecraft:decorated",
  "config": {
    "decorator": {
      "type": "minecraft:count_extra",
      "config": {
        "count": 2000,
        "extra_count": 0,
        "extra_chance": 0
      }
    },
    "feature": {
      "type": "minecraft:decorated",
      "config": {
        "decorator": {
          "type": "minecraft:square",
          "config": {}
        },
        "feature": {
          "type": "minecraft:decorated",
          "config": {
            "decorator": {
              "type": "minecraft:count_noise_biased",
              "config": {
                "noise_to_count_ratio": 1,
                "noise_factor": 10,
                "noise_offset": -0.3
              }
            },
            "feature": {
              "type": "minecraft:decorated",
              "config": {
                "decorator": {
                  "type": "minecraft:range",
                  "config": {
                    "height": {
                      "type": "minecraft:trapezoid",
                      "min_inclusive": {
                        "absolute": -256
                      },
                      "max_inclusive": {
                        "absolute": 256
                      }
                    }
                  }
                },
                "feature": {
                  "type": "minecraft:simple_block",
                  "config": {
                    "to_place": {
                      "type": "minecraft:simple_state_provider",
                      "state": {
                        "Name": "minecraft:ancient_debris"
                      }
                    },
                    "place_on": [
                      {
                        "Name": "minecraft:blackstone"
                      },
                      {
                        "Name": "minecraft:basalt",
                        "Properties": {
                          "axis": "y"
                        }
                      },
                      {
                        "Name": "minecraft:end_stone"
                      }
                    ],
                    "place_in": [
                      {
                        "Name": "minecraft:blackstone"
                      },
                      {
                        "Name": "minecraft:basalt",
                        "Properties": {
                          "axis": "y"
                        }
                      },
                      {
                        "Name": "minecraft:end_stone"
                      }
                    ],
                    "place_under": [
                      {
                        "Name": "minecraft:sea_pickle",
                        "Properties": {
                          "pickles": "1",
                          "waterlogged": "true"
                        }
                      },
                      {
                        "Name": "minecraft:sea_pickle",
                        "Properties": {
                          "pickles": "2",
                          "waterlogged": "true"
                        }
                      },
                      {
                        "Name": "minecraft:sea_pickle",
                        "Properties": {
                          "pickles": "3",
                          "waterlogged": "true"
                        }
                      },
                      {
                        "Name": "minecraft:sea_pickle",
                        "Properties": {
                          "pickles": "4",
                          "waterlogged": "true"
                        }
                      },
                      {
                        "Name": "minecraft:seagrass"
                      },
                      {
                        "Name": "minecraft:water",
                        "Properties": {
                          "level": "0"
                        }
                      }
                    ]
                  }
                }
              }
            }
          }
        }
      }
    }
  }
}
