{
  "type": "minecraft:decorated",
  "config": {
    "decorator": {
      "type": "minecraft:count",
      "config": {
        "count": 50
      }
    },
    "feature": {
      "type": "minecraft:decorated",
      "config": {
        "decorator": {
          "type": "minecraft:square",
          "config": {}
        },
        "feature": {
          "type": "minecraft:decorated",
          "config": {
            "decorator": {
              "type": "minecraft:range",
              "config": {
                "height": {
                  "type": "minecraft:trapezoid",
                  "min_inclusive": {
                    "absolute": -256
                  },
                  "max_inclusive": {
                    "absolute": 256
                  }
                }
              }
            },
            "feature": {
              "type": "minecraft:ore",
              "config": {
                "size": 10,
                "discard_chance_on_air_exposure": 0.4,
                "targets": [
                  {
                    "target": {
                      "predicate_type": "minecraft:random_block_match",
                      "block": "minecraft:end_stone",
                      "probability": 0.112
                    },
                    "state": {
                      "Name": "minecraft:ancient_debris"
                    }
                  }
                ]
              }
            }
          }
        }
      }
    }
  }
}
