{
  "type": "minecraft:entity",
  "pools": [
    {
      "rolls": 1,
      "entries": [
        {
          "type": "minecraft:item",
		  "name": "minecraft:structure_block",
          "functions": [
            {
			  "function": "minecraft:set_name",
			  "name": {"translate":"mech.item.depleted_uranium_cell","color":"dark_green","italic":false}
			},
			{
			  "function": "minecraft:set_lore",
			  "lore": [
				{"translate":"mech.lore.added_by","color":"blue","italic":false}
			  ]
			},
			{
              "function": "minecraft:set_nbt",
              "tag":"{mech_itemid: 3100, CustomModelData: 6423100, OreDict:[\"cellUranium\"], HideFlags: 32, BlockEntityTag: {Lock: \"§mechanization\"}}"
            }
          ]
        }
      ]
    }
  ]
}