{
  "type": "minecraft:decorated",
  "config": {
    "decorator": {
      "type": "minecraft:count",
      "config": {
        "count": 5
      }
    },
    "feature": {
      "type": "minecraft:decorated",
      "config": {
        "decorator": {
          "type": "minecraft:square",
          "config": {}
        },
        "feature": {
          "type": "minecraft:decorated",
          "config": {
            "decorator": {
              "type": "minecraft:range",
              "config": {
                "height": {
                  "type": "minecraft:uniform",
                  "min_inclusive": {
                    "above_bottom": 0
                  },
                  "max_inclusive": {
                    "below_top": 0
                  }
                }
              }
            },
            "feature": {
              "type": "minecraft:decorated",
              "config": {
                "decorator": {
                  "type": "minecraft:heightmap",
                  "config": {
                    "heightmap": "WORLD_SURFACE"
                  }
                },
                "feature": {
                  "type": "minecraft:growing_plant",
                  "config": {
                    "direction": "up",
                    "allow_water": false,
                    "height_distribution": [
                      {
                        "weight": 1,
                        "data": {
                          "type": "minecraft:biased_to_bottom",
                          "value": {
                            "min_inclusive": 2,
                            "max_inclusive": 7
                          }
                        }
                      }
                    ],
                    "body_provider": {
                      "type": "minecraft:simple_state_provider",
                      "state": {
                        "Name": "minecraft:twisting_vines_plant"
                      }
                    },
                    "head_provider": {
                      "type": "minecraft:simple_state_provider",
                      "state": {
                        "Name": "minecraft:twisting_vines",
                        "Properties": {
                          "age": "0"
                        }
                      }
                    }
                  }
                }
              }
            }
          }
        }
      }
    }
  }
}
