{
    "display": {
        "title": {
            "translate": "mech.advancements.mechanization.title",
			"color":"green"
        },
        "description": {
            "translate": "mech.advancements.mechanization.desc",
			"color":"dark_aqua"
        },
        "icon": {
            "item": "minecraft:blast_furnace",
            "nbt": "{CustomModelData:6421005}"
        },
        "background": "mechanization:textures\/base\/manual\/index_icon\/blank.png",
        "frame": "goal",
        "show_toast": true,
        "announce_to_chat": true
    },
    "criteria": {
        "have_machine_crafter": {
            "trigger": "minecraft:inventory_changed",
            "conditions": {
                "items": [{
                        "nbt": "{mech_itemid:1005}"
                    }
                ]
            }
        }
    }
}
