{
    "display": {
        "title": {
            "text": "Mechanization",
			"color":"red"
        },
        "description": {
            "text": "v3.0.5",
			"color":"dark_aqua"
        },
        "icon": {
            "item": "minecraft:blast_furnace",
            "nbt": "{CustomModelData:6421005}"
        },
        "frame": "goal",
        "show_toast": false,
        "announce_to_chat": false
    },
    "criteria": {
        "always": {
            "trigger": "minecraft:tick"
        }
    },
    "parent": "du:base"
}
