{
    "type": "minecraft:decorated",
    "config": {
        "decorator": {
            "type": "minecraft:count_extra",
            "config": {
                "count": 100,
                "extra_count": 0,
                "extra_chance": 0
            }
        },
        "feature": {
            "type": "minecraft:decorated",
            "config": {
                "decorator": {
                    "type": "minecraft:decorated",
                    "config": {
                        "outer": {
                            "type": "minecraft:square",
                            "config": {}
                        },
                        "inner": {
                            "type": "minecraft:count_noise_biased",
                            "config": {
                                "noise_to_count_ratio": 30,
                                "noise_factor": 120,
                                "noise_offset": 0
                            }
                        }
                    }
                },
                "feature": {
                    "type": "minecraft:decorated",
                    "config": {
                        "decorator": {
                            "type": "minecraft:range",
                            "config": {
                                "height": {
                                    "type": "minecraft:uniform",
                                    "min_inclusive": {
                                        "above_bottom": 0
                                    },
                                    "max_inclusive": {
                                        "below_top": 0
                                    }
                                }
                            }
                        },
                        "feature": {
                            "type": "minecraft:decorated",
                            "config": {
                                "decorator": {
                                    "type": "minecraft:cave_surface",
                                    "config": {
                                        "surface": "floor",
                                        "floor_to_ceiling_search_range": 4
                                    }
                                },
                                "feature": {
                                    "type": "minecraft:vegetation_patch",
                                    "config": {
                                        "surface": "floor",
                                        "depth": 1,
                                        "vertical_range": 1,
                                        "extra_bottom_block_chance": 0,
                                        "extra_edge_column_chance": 0.5,
                                        "vegetation_chance": 1,
                                        "xz_radius": {
                                            "type": "minecraft:uniform",
                                            "value": {
                                                "min_inclusive": 0,
                                                "max_inclusive": 3
                                            }
                                        },
                                        "replaceable": "far_end:single/end_stone",
                                        "ground_state": {
                                            "type": "minecraft:weighted_state_provider",
                                            "entries": [
                                                {
                                                    "weight": 3,
                                                    "data": {
                                                        "Name": "minecraft:rooted_dirt"
                                                    }
                                                },
                                                {
                                                    "weight": 10,
                                                    "data": {
                                                        "Name": "minecraft:end_stone"
                                                    }
                                                },
                                                {
                                                    "weight": 10,
                                                    "data": {
                                                        "Name": "minecraft:end_stone_bricks"
                                                    }
                                                },
                                                {
                                                    "weight": 30,
                                                    "data": {
                                                        "Name": "minecraft:grass_block",
                                                        "Properties": {
                                                            "snowy": "false"
                                                        }
                                                    }
                                                }
                                            ]
                                        },
                                        "vegetation_feature": {
                                            "type": "minecraft:flower",
                                            "config": {
                                                "can_replace": false,
                                                "project": true,
                                                "need_water": false,
                                                "xspread": 7,
                                                "yspread": 3,
                                                "zspread": 7,
                                                "tries": 10,
                                                "state_provider": {
                                                    "type": "minecraft:weighted_state_provider",
                                                    "entries": [
                                                        {
                                                            "weight": 1,
                                                            "data": {
                                                                "Name": "minecraft:fern"
                                                            }
                                                        },
                                                        {
                                                            "weight": 10,
                                                            "data": {
                                                                "Name": "minecraft:grass"
                                                            }
                                                        }
                                                    ]
                                                },
                                                "block_placer": {
                                                    "type": "minecraft:simple_block_placer"
                                                },
                                                "whitelist": [],
                                                "blacklist": []
                                            }
                                        }
                                    }
                                }
                            }
                        }
                    }
                }
            }
        }
    }
}