
[
  {
	"condition": "minecraft:location_check",
	"predicate": {
	  "block": {
		"nbt": "{Items:[
		  {Slot:3b,tag:{ctc:{traits:{ ingot:1b, \"metal/conductive_alloy\":1b }}}},
		  {Slot:12b,tag:{ctc:{traits:{ ingot:1b, \"metal/conductive_alloy\":1b }}}},
		  {Slot:21b,tag:{ctc:{traits:{ ingot:1b, \"metal/conductive_alloy\":1b }}}}
		]}"
	  }
	}
  },
  { "condition": "minecraft:inverted", "term": { "condition": "minecraft:location_check", "predicate": { "block": { "nbt": "{Items:[{Slot:2b}]}" }}}},
  { "condition": "minecraft:inverted", "term": { "condition": "minecraft:location_check", "predicate": { "block": { "nbt": "{Items:[{Slot:4b}]}" }}}},
  { "condition": "minecraft:inverted", "term": { "condition": "minecraft:location_check", "predicate": { "block": { "nbt": "{Items:[{Slot:11b}]}" }}}},
  { "condition": "minecraft:inverted", "term": { "condition": "minecraft:location_check", "predicate": { "block": { "nbt": "{Items:[{Slot:13b}]}" }}}},
  { "condition": "minecraft:inverted", "term": { "condition": "minecraft:location_check", "predicate": { "block": { "nbt": "{Items:[{Slot:20b}]}" }}}},
  { "condition": "minecraft:inverted", "term": { "condition": "minecraft:location_check", "predicate": { "block": { "nbt": "{Items:[{Slot:22b}]}" }}}}
]
