
[
  {
	"condition": "minecraft:location_check",
	"predicate": {
	  "block": {
		"nbt": "{Items:[
		  {Slot:4b,tag:{ctc:{traits:{ ingot:1b, \"metal/conductive_alloy\":1b }}}},
		  {Slot:13b,tag:{ctc:{traits:{ ingot:1b, \"metal/conductive_alloy\":1b }}}},
		  {Slot:22b,tag:{ctc:{traits:{ ingot:1b, \"metal/conductive_alloy\":1b }}}}
		]}"
	  }
	}
  },
  { "condition": "minecraft:inverted", "term": { "condition": "minecraft:location_check", "predicate": { "block": { "nbt": "{Items:[{Slot:2b}]}" }}}},
  { "condition": "minecraft:inverted", "term": { "condition": "minecraft:location_check", "predicate": { "block": { "nbt": "{Items:[{Slot:3b}]}" }}}},
  { "condition": "minecraft:inverted", "term": { "condition": "minecraft:location_check", "predicate": { "block": { "nbt": "{Items:[{Slot:11b}]}" }}}},
  { "condition": "minecraft:inverted", "term": { "condition": "minecraft:location_check", "predicate": { "block": { "nbt": "{Items:[{Slot:12b}]}" }}}},
  { "condition": "minecraft:inverted", "term": { "condition": "minecraft:location_check", "predicate": { "block": { "nbt": "{Items:[{Slot:20b}]}" }}}},
  { "condition": "minecraft:inverted", "term": { "condition": "minecraft:location_check", "predicate": { "block": { "nbt": "{Items:[{Slot:21b}]}" }}}}
]
