
[
  {
	"condition": "minecraft:location_check",
	"predicate": {
	  "block": {
		"nbt": "{Items:[
		  {Slot:12b, id:\"minecraft:copper_ingot\"},
		  {Slot:13b, id:\"minecraft:copper_ingot\"},
		  {Slot:21b, id:\"minecraft:copper_ingot\"},
		  {Slot:22b, id:\"minecraft:copper_ingot\"}
		]}"
	  }
	}
  },
  { "condition": "minecraft:inverted", "term": { "condition": "minecraft:location_check", "predicate": { "block": { "nbt": "{Items:[{Slot:2b}]}" }}}},
  { "condition": "minecraft:inverted", "term": { "condition": "minecraft:location_check", "predicate": { "block": { "nbt": "{Items:[{Slot:3b}]}" }}}},
  { "condition": "minecraft:inverted", "term": { "condition": "minecraft:location_check", "predicate": { "block": { "nbt": "{Items:[{Slot:4b}]}" }}}},
  { "condition": "minecraft:inverted", "term": { "condition": "minecraft:location_check", "predicate": { "block": { "nbt": "{Items:[{Slot:11b}]}" }}}},
  { "condition": "minecraft:inverted", "term": { "condition": "minecraft:location_check", "predicate": { "block": { "nbt": "{Items:[{Slot:20b}]}" }}}}
]
