
[
  {
	"condition": "minecraft:location_check",
	"predicate": {
	  "block": {
		"nbt": "{Items:[
		  {Slot:2b, id:\"minecraft:copper_ingot\"},
		  {Slot:3b, id:\"minecraft:copper_ingot\"},
		  {Slot:11b, id:\"minecraft:copper_ingot\"},
		  {Slot:12b, id:\"minecraft:copper_ingot\"}
		]}"
	  }
	}
  },
  { "condition": "minecraft:inverted", "term": { "condition": "minecraft:location_check", "predicate": { "block": { "nbt": "{Items:[{Slot:4b}]}" }}}},
  { "condition": "minecraft:inverted", "term": { "condition": "minecraft:location_check", "predicate": { "block": { "nbt": "{Items:[{Slot:13b}]}" }}}},
  { "condition": "minecraft:inverted", "term": { "condition": "minecraft:location_check", "predicate": { "block": { "nbt": "{Items:[{Slot:20b}]}" }}}},
  { "condition": "minecraft:inverted", "term": { "condition": "minecraft:location_check", "predicate": { "block": { "nbt": "{Items:[{Slot:21b}]}" }}}},
  { "condition": "minecraft:inverted", "term": { "condition": "minecraft:location_check", "predicate": { "block": { "nbt": "{Items:[{Slot:22b}]}" }}}}
]
