
{
  "condition": "minecraft:alternative",
  "terms": [
    {
      "condition": "minecraft:reference",
      "name": "mechanization:recipes/base/copper_plate_1"
    },
    {
      "condition": "minecraft:reference",
      "name": "mechanization:recipes/base/copper_plate_2"
    },
    {
      "condition": "minecraft:reference",
      "name": "mechanization:recipes/base/copper_plate_3"
    },
    {
      "condition": "minecraft:reference",
      "name": "mechanization:recipes/base/copper_plate_4"
    }
  ]
}
