{
  "type": "minecraft:canyon",
  "config": {
    "probability": 0.2,
    "lava_level": {
      "above_bottom": 10
    },
    "aquifers_enabled": false,
    "y": {
      "type": "minecraft:biased_to_bottom",
      "min_inclusive": {
        "absolute": -256
      },
      "max_inclusive": {
        "absolute": 256
      },
      "inner": 8
    },
    "yScale": 3,
    "vertical_rotation": {
      "type": "minecraft:uniform",
      "value": {
        "min_inclusive": -0.125,
        "max_exclusive": 0.125
      }
    },
    "shape": {
      "distance_factor": {
        "type": "minecraft:uniform",
        "value": {
          "min_inclusive": 0.75,
          "max_exclusive": 1
        }
      },
      "thickness": {
        "type": "minecraft:trapezoid",
        "value": {
          "min": 0,
          "max": 6,
          "plateau": 2
        }
      },
      "width_smoothness": 3,
      "horizontal_radius_factor": {
        "type": "minecraft:uniform",
        "value": {
          "min_inclusive": 0.75,
          "max_exclusive": 1
        }
      },
      "vertical_radius_default_factor": 1,
      "vertical_radius_center_factor": 0
    }
  }
}
