{
    "display": {
        "title": {
            "translate": "mech.advancements.spent_fuel_cell.title",
			"color":"green"
        },
        "description": {
            "translate": "mech.advancements.spent_fuel_cell.desc",
			"color":"dark_aqua"
        },
        "icon": {
            "item": "minecraft:structure_block",
            "nbt": "{CustomModelData:6423102}"
        },
        "frame": "challenge",
		"hiddien": true
    },
    "criteria": {
        "have_battery_1": {
            "trigger": "minecraft:inventory_changed",
            "conditions": {
                "items": [{
                        "nbt": "{mech_itemid:3102}"
                    }
                ]
            }
        }
    },
    "parent": "mechanization:nuclear/fission_reactor"
}
