{
  "type": "minecraft:decorated",
  "config": {
    "decorator": {
      "type": "minecraft:count_multilayer",
      "config": {
        "count": 1
      }
    },
    "feature": {
      "type": "minecraft:delta_feature",
      "config": {
        "contents": {
          "Name": "minecraft:grass_block",
          "Properties": {
            "snowy": "false"
          }
        },
        "rim": {
          "Name": "minecraft:basalt",
          "Properties": {
            "axis": "y"
          }
        },
        "size": {
          "type": "minecraft:uniform",
          "value": {
            "min_inclusive": 8,
            "max_inclusive": 10
          }
        },
        "rim_size": 2
      }
    }
  }
}
