[
  {
    "function": "minecraft:set_attributes",
    "modifiers": [
      {
        "attribute": "minecraft:generic.armor",
        "name": "",
        "amount": 6,
        "operation": "addition",
        "slot": "legs"
      }
    ]
  },
  {
    "function": "minecraft:set_attributes",
    "modifiers": [
      {
        "attribute": "minecraft:generic.armor_toughness",
        "name": "",
        "amount": 3,
        "operation": "addition",
        "slot": "legs"
      }
    ]
  },
  {
    "function": "minecraft:set_attributes",
    "modifiers": [
      {
        "attribute": "minecraft:generic.knockback_resistance",
        "name": "",
        "amount": 0.1,
        "operation": "addition",
        "slot": "legs"
      }
    ]
  }
]