{
  "type": "minecraft:the_end",
  "generator": {
    "type": "minecraft:noise",
    "seed": 0,
    "settings": "far_end:far_end",
    "biome_source": {
      "type": "minecraft:multi_noise",
      "seed": 123,
      "altitude_noise": {
        "firstOctave": -9,
        "amplitudes": [
          1,
          1
        ]
      },
      "temperature_noise": {
        "firstOctave": -9,
        "amplitudes": [
          1,
          1
        ]
      },
      "humidity_noise": {
        "firstOctave": -9,
        "amplitudes": [
          1,
          1
        ]
      },
      "weirdness_noise": {
        "firstOctave": -9,
        "amplitudes": [
          1,
          1
        ]
      },
      "biomes": [
        {
          "biome": "far_end:void",
          "parameters": {
            "altitude": 0,
            "temperature": 0,
            "humidity": 0,
            "weirdness": 0,
            "offset": 0
          }
        },
        {
          "biome": "far_end:ender_waste",
          "parameters": {
            "altitude": 0.1,
            "temperature": 0.1,
            "humidity": 0,
            "weirdness": 0,
            "offset": 0
          }
        },
        {
          "biome": "far_end:end_wilds",
          "parameters": {
            "altitude": 0.1,
            "temperature": 0,
            "humidity": 0.1,
            "weirdness": 0,
            "offset": 0
          }
        },
        {
          "biome": "far_end:warped_marsh",
          "parameters": {
            "altitude": 0.3,
            "temperature": 0,
            "humidity": 0.3,
            "weirdness": 0,
            "offset": 0
          }
        },
        {
          "biome": "far_end:ashfall_delta",
          "parameters": {
            "altitude": 0.5,
            "temperature": 0,
            "humidity": 0.5,
            "weirdness": 0,
            "offset": 0
          }
        },
        {
          "biome": "far_end:flesh_tundra",
          "parameters": {
            "altitude": 0.3,
            "temperature": 0.3,
            "humidity": 0,
            "weirdness": 0,
            "offset": 0
          }
        },
        {
          "biome": "far_end:amethyst_forest",
          "parameters": {
            "altitude": 0.5,
            "temperature": 0.5,
            "humidity": 0,
            "weirdness": 0,
            "offset": 0
          }
        },
        {
          "biome": "far_end:the_nest",
          "parameters": {
            "altitude": 0.7,
            "temperature": 0.7,
            "humidity": 0.7,
            "weirdness": 0,
            "offset": 0
          }
        }
      ]
    }
  }
}
