{
    "surface_builder": "minecraft:grass",
    "depth": 0.45,
    "scale": 0.3,
    "temperature": 0.25,
    "downfall": 0.8,
    "precipitation": "rain",
    "category": "taiga",
    "player_spawn_friendly": true,
    "effects": {
      "sky_color": 8233983,
      "fog_color": 12638463,
      "water_color": 4159204,
      "water_fog_color": 329011,
      "mood_sound": {
        "sound": "minecraft:ambient.cave",
        "tick_delay": 6000,
        "block_search_extent": 8,
        "offset": 2
      }
    },
    "starts": [
      "1_splatus:the_sanctum",
      "minecraft:mineshaft",
      "minecraft:stronghold",
      "minecraft:ruined_portal"
    ],
    "spawners": {
      "monster": [
        {
          "type": "minecraft:spider",
          "weight": 100,
          "minCount": 4,
          "maxCount": 4
        },
        {
          "type": "minecraft:zombie",
          "weight": 95,
          "minCount": 4,
          "maxCount": 4
        },
        {
          "type": "minecraft:zombie_villager",
          "weight": 5,
          "minCount": 1,
          "maxCount": 1
        },
        {
          "type": "minecraft:skeleton",
          "weight": 100,
          "minCount": 4,
          "maxCount": 4
        },
        {
          "type": "minecraft:creeper",
          "weight": 100,
          "minCount": 4,
          "maxCount": 4
        },
        {
          "type": "minecraft:slime",
          "weight": 100,
          "minCount": 4,
          "maxCount": 4
        },
        {
          "type": "minecraft:enderman",
          "weight": 10,
          "minCount": 1,
          "maxCount": 4
        },
        {
          "type": "minecraft:witch",
          "weight": 5,
          "minCount": 1,
          "maxCount": 1
        }
      ],
      "creature": [
        {
          "type": "minecraft:sheep",
          "weight": 12,
          "minCount": 4,
          "maxCount": 4
        },
        {
          "type": "minecraft:pig",
          "weight": 10,
          "minCount": 4,
          "maxCount": 4
        },
        {
          "type": "minecraft:chicken",
          "weight": 10,
          "minCount": 4,
          "maxCount": 4
        },
        {
          "type": "minecraft:cow",
          "weight": 8,
          "minCount": 4,
          "maxCount": 4
        },
        {
          "type": "minecraft:wolf",
          "weight": 8,
          "minCount": 4,
          "maxCount": 4
        },
        {
          "type": "minecraft:rabbit",
          "weight": 4,
          "minCount": 2,
          "maxCount": 3
        },
        {
          "type": "minecraft:fox",
          "weight": 8,
          "minCount": 2,
          "maxCount": 4
        }
      ],
      "ambient": [
        {
          "type": "minecraft:bat",
          "weight": 10,
          "minCount": 8,
          "maxCount": 8
        }
      ],
      "underground_water_creature": [
        {
          "type": "minecraft:glow_squid",
          "weight": 10,
          "minCount": 4,
          "maxCount": 6
        },
        {
          "type": "minecraft:axolotl",
          "weight": 10,
          "minCount": 4,
          "maxCount": 6
        }
      ],
      "water_creature": [],
      "water_ambient": [],
      "misc": []
    },
    "spawn_costs": {},
    "carvers": {
      "air": [
        "minecraft:cave",
        "minecraft:canyon"
      ]
    },
    "features": [
      [],
      [
        "minecraft:lake_water",
        "minecraft:lake_lava"
      ],
      [
        "minecraft:amethyst_geode"
      ],
      [
        "minecraft:monster_room"
      ],
      [],
      [],
      [
        "minecraft:ore_dirt",
        "minecraft:ore_gravel",
        "minecraft:ore_granite",
        "minecraft:ore_diorite",
        "minecraft:ore_andesite",
        "minecraft:ore_tuff",
        "minecraft:ore_deepslate",
        "minecraft:ore_coal",
        "minecraft:ore_iron",
        "minecraft:ore_gold",
        "minecraft:ore_redstone",
        "minecraft:ore_diamond",
        "minecraft:ore_lapis",
        "minecraft:ore_copper",
        "minecraft:disk_sand",
        "minecraft:disk_clay",
        "minecraft:disk_gravel"
      ],
      [
        "minecraft:rare_dripstone_cluster",
        "minecraft:rare_small_dripstone"
      ],
      [
        "minecraft:patch_large_fern",
        "minecraft:glow_lichen",
        "minecraft:taiga_vegetation",
        "minecraft:flower_default",
        "minecraft:patch_grass_taiga_2",
        "minecraft:brown_mushroom_taiga",
        "minecraft:red_mushroom_taiga",
        "minecraft:brown_mushroom_normal",
        "minecraft:red_mushroom_normal",
        "minecraft:patch_sugar_cane",
        "minecraft:patch_pumpkin",
        "minecraft:spring_water",
        "minecraft:spring_lava",
        "minecraft:patch_berry_sparse"
      ],
      [
        "minecraft:freeze_top_layer"
      ]
    ]
  }
  