{
	"type": "minecraft:generic",
	"pools": [
	{
		"rolls": 1,
		"entries": [
		{
			"type": "minecraft:alternatives",
			"children": [
            {
				"conditions": [
                {
			      "condition": "minecraft:location_check",
                  "predicate": {
                    "biome": "minecraft:ocean"
                  }
                }
              ],
              "type": "minecraft:item",
              "name": "minecraft:golden_hoe",
              "functions": [
                {
                  "function": "minecraft:set_nbt",
                  "tag": "{biome_id:\"minecraft:ocean\"}"
                }
              ]
            },
            {
              "conditions": [
                {
                  "condition": "minecraft:location_check",
                  "predicate": {
                    "biome": "minecraft:plains"
                  }
                }
              ],
              "type": "minecraft:item",
              "name": "minecraft:golden_hoe",
              "functions": [
                {
                  "function": "minecraft:set_nbt",
                  "tag": "{biome_id:\"minecraft:plains\"}"
                }
              ]
            },
            {
              "conditions": [
                {
                  "condition": "minecraft:location_check",
                  "predicate": {
                    "biome": "minecraft:desert"
                  }
                }
              ],
              "type": "minecraft:item",
              "name": "minecraft:golden_hoe",
              "functions": [
                {
                  "function": "minecraft:set_nbt",
                  "tag": "{biome_id:\"minecraft:desert\"}"
                }
              ]
            },
            {
              "conditions": [
                {
                  "condition": "minecraft:location_check",
                  "predicate": {
                    "biome": "minecraft:mountains"
                  }
                }
              ],
              "type": "minecraft:item",
              "name": "minecraft:golden_hoe",
              "functions": [
                {
                  "function": "minecraft:set_nbt",
                  "tag": "{biome_id:\"minecraft:mountains\"}"
                }
              ]
            },
            {
              "conditions": [
                {
                  "condition": "minecraft:location_check",
                  "predicate": {
                    "biome": "minecraft:forest"
                  }
                }
              ],
              "type": "minecraft:item",
              "name": "minecraft:golden_hoe",
              "functions": [
                {
                  "function": "minecraft:set_nbt",
                  "tag": "{biome_id:\"minecraft:forest\"}"
                }
              ]
            },
            {
              "conditions": [
                {
                  "condition": "minecraft:location_check",
                  "predicate": {
                    "biome": "minecraft:taiga"
                  }
                }
              ],
              "type": "minecraft:item",
              "name": "minecraft:golden_hoe",
              "functions": [
                {
                  "function": "minecraft:set_nbt",
                  "tag": "{biome_id:\"minecraft:taiga\"}"
                }
              ]
            },
            {
              "conditions": [
                {
                  "condition": "minecraft:location_check",
                  "predicate": {
                    "biome": "minecraft:swamp"
                  }
                }
              ],
              "type": "minecraft:item",
              "name": "minecraft:golden_hoe",
              "functions": [
                {
                  "function": "minecraft:set_nbt",
                  "tag": "{biome_id:\"minecraft:swamp\"}"
                }
              ]
            },
            {
              "conditions": [
                {
                  "condition": "minecraft:location_check",
                  "predicate": {
                    "biome": "minecraft:river"
                  }
                }
              ],
              "type": "minecraft:item",
              "name": "minecraft:golden_hoe",
              "functions": [
                {
                  "function": "minecraft:set_nbt",
                  "tag": "{biome_id:\"minecraft:river\"}"
                }
              ]
            },
            {
              "conditions": [
                {
                  "condition": "minecraft:location_check",
                  "predicate": {
                    "biome": "minecraft:nether_wastes"
                  }
                }
              ],
              "type": "minecraft:item",
              "name": "minecraft:golden_hoe",
              "functions": [
                {
                  "function": "minecraft:set_nbt",
                  "tag": "{biome_id:\"minecraft:nether_wastes\"}"
                }
              ]
            },
            {
              "conditions": [
                {
                  "condition": "minecraft:location_check",
                  "predicate": {
                    "biome": "minecraft:the_end"
                  }
                }
              ],
              "type": "minecraft:item",
              "name": "minecraft:golden_hoe",
              "functions": [
                {
                  "function": "minecraft:set_nbt",
                  "tag": "{biome_id:\"minecraft:the_end\"}"
                }
              ]
            },
            {
              "conditions": [
                {
                  "condition": "minecraft:location_check",
                  "predicate": {
                    "biome": "minecraft:frozen_ocean"
                  }
                }
              ],
              "type": "minecraft:item",
              "name": "minecraft:golden_hoe",
              "functions": [
                {
                  "function": "minecraft:set_nbt",
                  "tag": "{biome_id:\"minecraft:frozen_ocean\"}"
                }
              ]
            },
            {
              "conditions": [
                {
                  "condition": "minecraft:location_check",
                  "predicate": {
                    "biome": "minecraft:frozen_river"
                  }
                }
              ],
              "type": "minecraft:item",
              "name": "minecraft:golden_hoe",
              "functions": [
                {
                  "function": "minecraft:set_nbt",
                  "tag": "{biome_id:\"minecraft:frozen_river\"}"
                }
              ]
            },
            {
              "conditions": [
                {
                  "condition": "minecraft:location_check",
                  "predicate": {
                    "biome": "minecraft:snowy_tundra"
                  }
                }
              ],
              "type": "minecraft:item",
              "name": "minecraft:golden_hoe",
              "functions": [
                {
                  "function": "minecraft:set_nbt",
                  "tag": "{biome_id:\"minecraft:snowy_tundra\"}"
                }
              ]
            },
            {
              "conditions": [
                {
                  "condition": "minecraft:location_check",
                  "predicate": {
                    "biome": "minecraft:snowy_mountains"
                  }
                }
              ],
              "type": "minecraft:item",
              "name": "minecraft:golden_hoe",
              "functions": [
                {
                  "function": "minecraft:set_nbt",
                  "tag": "{biome_id:\"minecraft:snowy_mountains\"}"
                }
              ]
            },
            {
              "conditions": [
                {
                  "condition": "minecraft:location_check",
                  "predicate": {
                    "biome": "minecraft:mushroom_fields"
                  }
                }
              ],
              "type": "minecraft:item",
              "name": "minecraft:golden_hoe",
              "functions": [
                {
                  "function": "minecraft:set_nbt",
                  "tag": "{biome_id:\"minecraft:mushroom_fields\"}"
                }
              ]
            },
            {
              "conditions": [
                {
                  "condition": "minecraft:location_check",
                  "predicate": {
                    "biome": "minecraft:mushroom_field_shore"
                  }
                }
              ],
              "type": "minecraft:item",
              "name": "minecraft:golden_hoe",
              "functions": [
                {
                  "function": "minecraft:set_nbt",
                  "tag": "{biome_id:\"minecraft:mushroom_field_shore\"}"
                }
              ]
            },
            {
              "conditions": [
                {
                  "condition": "minecraft:location_check",
                  "predicate": {
                    "biome": "minecraft:beach"
                  }
                }
              ],
              "type": "minecraft:item",
              "name": "minecraft:golden_hoe",
              "functions": [
                {
                  "function": "minecraft:set_nbt",
                  "tag": "{biome_id:\"minecraft:beach\"}"
                }
              ]
            },
            {
              "conditions": [
                {
                  "condition": "minecraft:location_check",
                  "predicate": {
                    "biome": "minecraft:desert_hills"
                  }
                }
              ],
              "type": "minecraft:item",
              "name": "minecraft:golden_hoe",
              "functions": [
                {
                  "function": "minecraft:set_nbt",
                  "tag": "{biome_id:\"minecraft:desert_hills\"}"
                }
              ]
            },
            {
              "conditions": [
                {
                  "condition": "minecraft:location_check",
                  "predicate": {
                    "biome": "minecraft:wooded_hills"
                  }
                }
              ],
              "type": "minecraft:item",
              "name": "minecraft:golden_hoe",
              "functions": [
                {
                  "function": "minecraft:set_nbt",
                  "tag": "{biome_id:\"minecraft:wooded_hills\"}"
                }
              ]
            },
            {
              "conditions": [
                {
                  "condition": "minecraft:location_check",
                  "predicate": {
                    "biome": "minecraft:taiga_hills"
                  }
                }
              ],
              "type": "minecraft:item",
              "name": "minecraft:golden_hoe",
              "functions": [
                {
                  "function": "minecraft:set_nbt",
                  "tag": "{biome_id:\"minecraft:taiga_hills\"}"
                }
              ]
            },
            {
              "conditions": [
                {
                  "condition": "minecraft:location_check",
                  "predicate": {
                    "biome": "minecraft:mountain_edge"
                  }
                }
              ],
              "type": "minecraft:item",
              "name": "minecraft:golden_hoe",
              "functions": [
                {
                  "function": "minecraft:set_nbt",
                  "tag": "{biome_id:\"minecraft:mountain_edge\"}"
                }
              ]
            },
            {
              "conditions": [
                {
                  "condition": "minecraft:location_check",
                  "predicate": {
                    "biome": "minecraft:jungle"
                  }
                }
              ],
              "type": "minecraft:item",
              "name": "minecraft:golden_hoe",
              "functions": [
                {
                  "function": "minecraft:set_nbt",
                  "tag": "{biome_id:\"minecraft:jungle\"}"
                }
              ]
            },
            {
              "conditions": [
                {
                  "condition": "minecraft:location_check",
                  "predicate": {
                    "biome": "minecraft:jungle_hills"
                  }
                }
              ],
              "type": "minecraft:item",
              "name": "minecraft:golden_hoe",
              "functions": [
                {
                  "function": "minecraft:set_nbt",
                  "tag": "{biome_id:\"minecraft:jungle_hills\"}"
                }
              ]
            },
            {
              "conditions": [
                {
                  "condition": "minecraft:location_check",
                  "predicate": {
                    "biome": "minecraft:jungle_edge"
                  }
                }
              ],
              "type": "minecraft:item",
              "name": "minecraft:golden_hoe",
              "functions": [
                {
                  "function": "minecraft:set_nbt",
                  "tag": "{biome_id:jungle_edge}"
                }
              ]
            },
            {
              "conditions": [
                {
                  "condition": "minecraft:location_check",
                  "predicate": {
                    "biome": "minecraft:deep_ocean"
                  }
                }
              ],
              "type": "minecraft:item",
              "name": "minecraft:golden_hoe",
              "functions": [
                {
                  "function": "minecraft:set_nbt",
                  "tag": "{biome_id:\"minecraft:deep_ocean\"}"
                }
              ]
            },
            {
              "conditions": [
                {
                  "condition": "minecraft:location_check",
                  "predicate": {
                    "biome": "minecraft:stone_shore"
                  }
                }
              ],
              "type": "minecraft:item",
              "name": "minecraft:golden_hoe",
              "functions": [
                {
                  "function": "minecraft:set_nbt",
                  "tag": "{biome_id:\"minecraft:stone_shore\"}"
                }
              ]
            },
            {
              "conditions": [
                {
                  "condition": "minecraft:location_check",
                  "predicate": {
                    "biome": "minecraft:snowy_beach"
                  }
                }
              ],
              "type": "minecraft:item",
              "name": "minecraft:golden_hoe",
              "functions": [
                {
                  "function": "minecraft:set_nbt",
                  "tag": "{biome_id:\"minecraft:snowy_beach\"}"
                }
              ]
            },
            {
              "conditions": [
                {
                  "condition": "minecraft:location_check",
                  "predicate": {
                    "biome": "minecraft:birch_forest"
                  }
                }
              ],
              "type": "minecraft:item",
              "name": "minecraft:golden_hoe",
              "functions": [
                {
                  "function": "minecraft:set_nbt",
                  "tag": "{biome_id:\"minecraft:birch_forest\"}"
                }
              ]
            },
            {
              "conditions": [
                {
                  "condition": "minecraft:location_check",
                  "predicate": {
                    "biome": "minecraft:birch_forest_hills"
                  }
                }
              ],
              "type": "minecraft:item",
              "name": "minecraft:golden_hoe",
              "functions": [
                {
                  "function": "minecraft:set_nbt",
                  "tag": "{biome_id:\"minecraft:birch_forest_hills\"}"
                }
              ]
            },
            {
              "conditions": [
                {
                  "condition": "minecraft:location_check",
                  "predicate": {
                    "biome": "minecraft:dark_forest"
                  }
                }
              ],
              "type": "minecraft:item",
              "name": "minecraft:golden_hoe",
              "functions": [
                {
                  "function": "minecraft:set_nbt",
                  "tag": "{biome_id:\"minecraft:dark_forest\"}"
                }
              ]
            },
            {
              "conditions": [
                {
                  "condition": "minecraft:location_check",
                  "predicate": {
                    "biome": "minecraft:snowy_taiga"
                  }
                }
              ],
              "type": "minecraft:item",
              "name": "minecraft:golden_hoe",
              "functions": [
                {
                  "function": "minecraft:set_nbt",
                  "tag": "{biome_id:\"minecraft:snowy_taiga\"}"
                }
              ]
            },
            {
              "conditions": [
                {
                  "condition": "minecraft:location_check",
                  "predicate": {
                    "biome": "minecraft:snowy_taiga_hills"
                  }
                }
              ],
              "type": "minecraft:item",
              "name": "minecraft:golden_hoe",
              "functions": [
                {
                  "function": "minecraft:set_nbt",
                  "tag": "{biome_id:\"minecraft:snowy_taiga_hills\"}"
                }
              ]
            },
            {
              "conditions": [
                {
                  "condition": "minecraft:location_check",
                  "predicate": {
                    "biome": "minecraft:giant_tree_taiga"
                  }
                }
              ],
              "type": "minecraft:item",
              "name": "minecraft:golden_hoe",
              "functions": [
                {
                  "function": "minecraft:set_nbt",
                  "tag": "{biome_id:\"minecraft:giant_tree_taiga\"}"
                }
              ]
            },
            {
              "conditions": [
                {
                  "condition": "minecraft:location_check",
                  "predicate": {
                    "biome": "minecraft:giant_tree_taiga_hills"
                  }
                }
              ],
              "type": "minecraft:item",
              "name": "minecraft:golden_hoe",
              "functions": [
                {
                  "function": "minecraft:set_nbt",
                  "tag": "{biome_id:\"minecraft:giant_tree_taiga_hills\"}"
                }
              ]
            },
            {
              "conditions": [
                {
                  "condition": "minecraft:location_check",
                  "predicate": {
                    "biome": "minecraft:wooded_mountains"
                  }
                }
              ],
              "type": "minecraft:item",
              "name": "minecraft:golden_hoe",
              "functions": [
                {
                  "function": "minecraft:set_nbt",
                  "tag": "{biome_id:\"minecraft:wooded_mountains\"}"
                }
              ]
            },
            {
              "conditions": [
                {
                  "condition": "minecraft:location_check",
                  "predicate": {
                    "biome": "minecraft:savanna"
                  }
                }
              ],
              "type": "minecraft:item",
              "name": "minecraft:golden_hoe",
              "functions": [
                {
                  "function": "minecraft:set_nbt",
                  "tag": "{biome_id:\"minecraft:savanna\"}"
                }
              ]
            },
            {
              "conditions": [
                {
                  "condition": "minecraft:location_check",
                  "predicate": {
                    "biome": "minecraft:savanna_plateau"
                  }
                }
              ],
              "type": "minecraft:item",
              "name": "minecraft:golden_hoe",
              "functions": [
                {
                  "function": "minecraft:set_nbt",
                  "tag": "{biome_id:\"minecraft:savanna_plateau\"}"
                }
              ]
            },
            {
              "conditions": [
                {
                  "condition": "minecraft:location_check",
                  "predicate": {
                    "biome": "minecraft:badlands"
                  }
                }
              ],
              "type": "minecraft:item",
              "name": "minecraft:golden_hoe",
              "functions": [
                {
                  "function": "minecraft:set_nbt",
                  "tag": "{biome_id:\"minecraft:badlands\"}"
                }
              ]
            },
            {
              "conditions": [
                {
                  "condition": "minecraft:location_check",
                  "predicate": {
                    "biome": "minecraft:wooded_badlands_plateau"
                  }
                }
              ],
              "type": "minecraft:item",
              "name": "minecraft:golden_hoe",
              "functions": [
                {
                  "function": "minecraft:set_nbt",
                  "tag": "{biome_id:\"minecraft:wooded_badlands_plateau\"}"
                }
              ]
            },
            {
              "conditions": [
                {
                  "condition": "minecraft:location_check",
                  "predicate": {
                    "biome": "minecraft:badlands_plateau"
                  }
                }
              ],
              "type": "minecraft:item",
              "name": "minecraft:golden_hoe",
              "functions": [
                {
                  "function": "minecraft:set_nbt",
                  "tag": "{biome_id:\"minecraft:badlands_plateau\"}"
                }
              ]
            },
            {
              "conditions": [
                {
                  "condition": "minecraft:location_check",
                  "predicate": {
                    "biome": "minecraft:small_end_islands"
                  }
                }
              ],
              "type": "minecraft:item",
              "name": "minecraft:golden_hoe",
              "functions": [
                {
                  "function": "minecraft:set_nbt",
                  "tag": "{biome_id:\"minecraft:small_end_islands\"}"
                }
              ]
            },
            {
              "conditions": [
                {
                  "condition": "minecraft:location_check",
                  "predicate": {
                    "biome": "minecraft:end_midlands"
                  }
                }
              ],
              "type": "minecraft:item",
              "name": "minecraft:golden_hoe",
              "functions": [
                {
                  "function": "minecraft:set_nbt",
                  "tag": "{biome_id:\"minecraft:end_midlands\"}"
                }
              ]
            },
            {
              "conditions": [
                {
                  "condition": "minecraft:location_check",
                  "predicate": {
                    "biome": "minecraft:end_highlands"
                  }
                }
              ],
              "type": "minecraft:item",
              "name": "minecraft:golden_hoe",
              "functions": [
                {
                  "function": "minecraft:set_nbt",
                  "tag": "{biome_id:\"minecraft:end_highlands\"}"
                }
              ]
            },
            {
              "conditions": [
                {
                  "condition": "minecraft:location_check",
                  "predicate": {
                    "biome": "minecraft:end_barrens"
                  }
                }
              ],
              "type": "minecraft:item",
              "name": "minecraft:golden_hoe",
              "functions": [
                {
                  "function": "minecraft:set_nbt",
                  "tag": "{biome_id:\"minecraft:end_barrens\"}"
                }
              ]
            },
            {
              "conditions": [
                {
                  "condition": "minecraft:location_check",
                  "predicate": {
                    "biome": "minecraft:warm_ocean"
                  }
                }
              ],
              "type": "minecraft:item",
              "name": "minecraft:golden_hoe",
              "functions": [
                {
                  "function": "minecraft:set_nbt",
                  "tag": "{biome_id:\"minecraft:warm_ocean\"}"
                }
              ]
            },
            {
              "conditions": [
                {
                  "condition": "minecraft:location_check",
                  "predicate": {
                    "biome": "minecraft:lukewarm_ocean"
                  }
                }
              ],
              "type": "minecraft:item",
              "name": "minecraft:golden_hoe",
              "functions": [
                {
                  "function": "minecraft:set_nbt",
                  "tag": "{biome_id:\"minecraft:lukewarm_ocean\"}"
                }
              ]
            },
            {
              "conditions": [
                {
                  "condition": "minecraft:location_check",
                  "predicate": {
                    "biome": "minecraft:cold_ocean"
                  }
                }
              ],
              "type": "minecraft:item",
              "name": "minecraft:golden_hoe",
              "functions": [
                {
                  "function": "minecraft:set_nbt",
                  "tag": "{biome_id:\"minecraft:cold_ocean\"}"
                }
              ]
            },
            {
              "conditions": [
                {
                  "condition": "minecraft:location_check",
                  "predicate": {
                    "biome": "minecraft:deep_warm_ocean"
                  }
                }
              ],
              "type": "minecraft:item",
              "name": "minecraft:golden_hoe",
              "functions": [
                {
                  "function": "minecraft:set_nbt",
                  "tag": "{biome_id:\"minecraft:deep_warm_ocean\"}"
                }
              ]
            },
            {
              "conditions": [
                {
                  "condition": "minecraft:location_check",
                  "predicate": {
                    "biome": "minecraft:deep_lukewarm_ocean"
                  }
                }
              ],
              "type": "minecraft:item",
              "name": "minecraft:golden_hoe",
              "functions": [
                {
                  "function": "minecraft:set_nbt",
                  "tag": "{biome_id:\"minecraft:deep_lukewarm_ocean\"}"
                }
              ]
            },
            {
              "conditions": [
                {
                  "condition": "minecraft:location_check",
                  "predicate": {
                    "biome": "minecraft:deep_cold_ocean"
                  }
                }
              ],
              "type": "minecraft:item",
              "name": "minecraft:golden_hoe",
              "functions": [
                {
                  "function": "minecraft:set_nbt",
                  "tag": "{biome_id:\"minecraft:deep_cold_ocean\"}"
                }
              ]
            },
            {
              "conditions": [
                {
                  "condition": "minecraft:location_check",
                  "predicate": {
                    "biome": "minecraft:deep_frozen_ocean"
                  }
                }
              ],
              "type": "minecraft:item",
              "name": "minecraft:golden_hoe",
              "functions": [
                {
                  "function": "minecraft:set_nbt",
                  "tag": "{biome_id:\"minecraft:deep_frozen_ocean\"}"
                }
              ]
            },
            {
              "conditions": [
                {
                  "condition": "minecraft:location_check",
                  "predicate": {
                    "biome": "minecraft:the_void"
                  }
                }
              ],
              "type": "minecraft:item",
              "name": "minecraft:golden_hoe",
              "functions": [
                {
                  "function": "minecraft:set_nbt",
                  "tag": "{biome_id:\"minecraft:the_void\"}"
                }
              ]
            },
            {
              "conditions": [
                {
                  "condition": "minecraft:location_check",
                  "predicate": {
                    "biome": "minecraft:sunflower_plains"
                  }
                }
              ],
              "type": "minecraft:item",
              "name": "minecraft:golden_hoe",
              "functions": [
                {
                  "function": "minecraft:set_nbt",
                  "tag": "{biome_id:\"minecraft:sunflower_plains\"}"
                }
              ]
            },
            {
              "conditions": [
                {
                  "condition": "minecraft:location_check",
                  "predicate": {
                    "biome": "minecraft:desert_lakes"
                  }
                }
              ],
              "type": "minecraft:item",
              "name": "minecraft:golden_hoe",
              "functions": [
                {
                  "function": "minecraft:set_nbt",
                  "tag": "{biome_id:\"minecraft:desert_lakes\"}"
                }
              ]
            },
            {
              "conditions": [
                {
                  "condition": "minecraft:location_check",
                  "predicate": {
                    "biome": "minecraft:gravelly_mountains"
                  }
                }
              ],
              "type": "minecraft:item",
              "name": "minecraft:golden_hoe",
              "functions": [
                {
                  "function": "minecraft:set_nbt",
                  "tag": "{biome_id:\"minecraft:gravelly_mountains\"}"
                }
              ]
            },
            {
              "conditions": [
                {
                  "condition": "minecraft:location_check",
                  "predicate": {
                    "biome": "minecraft:flower_forest"
                  }
                }
              ],
              "type": "minecraft:item",
              "name": "minecraft:golden_hoe",
              "functions": [
                {
                  "function": "minecraft:set_nbt",
                  "tag": "{biome_id:\"minecraft:flower_forest\"}"
                }
              ]
            },
            {
              "conditions": [
                {
                  "condition": "minecraft:location_check",
                  "predicate": {
                    "biome": "minecraft:taiga_mountains"
                  }
                }
              ],
              "type": "minecraft:item",
              "name": "minecraft:golden_hoe",
              "functions": [
                {
                  "function": "minecraft:set_nbt",
                  "tag": "{biome_id:\"minecraft:taiga_mountains\"}"
                }
              ]
            },
            {
              "conditions": [
                {
                  "condition": "minecraft:location_check",
                  "predicate": {
                    "biome": "minecraft:swamp_hills"
                  }
                }
              ],
              "type": "minecraft:item",
              "name": "minecraft:golden_hoe",
              "functions": [
                {
                  "function": "minecraft:set_nbt",
                  "tag": "{biome_id:\"minecraft:swamp_hills\"}"
                }
              ]
            },
            {
              "conditions": [
                {
                  "condition": "minecraft:location_check",
                  "predicate": {
                    "biome": "minecraft:ice_spikes"
                  }
                }
              ],
              "type": "minecraft:item",
              "name": "minecraft:golden_hoe",
              "functions": [
                {
                  "function": "minecraft:set_nbt",
                  "tag": "{biome_id:\"minecraft:ice_spikes\"}"
                }
              ]
            },
            {
              "conditions": [
                {
                  "condition": "minecraft:location_check",
                  "predicate": {
                    "biome": "minecraft:modified_jungle"
                  }
                }
              ],
              "type": "minecraft:item",
              "name": "minecraft:golden_hoe",
              "functions": [
                {
                  "function": "minecraft:set_nbt",
                  "tag": "{biome_id:\"minecraft:modidied_jungle\"}"
                }
              ]
            },
            {
              "conditions": [
                {
                  "condition": "minecraft:location_check",
                  "predicate": {
                    "biome": "minecraft:modified_jungle_edge"
                  }
                }
              ],
              "type": "minecraft:item",
              "name": "minecraft:golden_hoe",
              "functions": [
                {
                  "function": "minecraft:set_nbt",
                  "tag": "{biome_id:\"minecraft:modified_jungle_edge\"}"
                }
              ]
            },
            {
              "conditions": [
                {
                  "condition": "minecraft:location_check",
                  "predicate": {
                    "biome": "minecraft:tall_birch_forest"
                  }
                }
              ],
              "type": "minecraft:item",
              "name": "minecraft:golden_hoe",
              "functions": [
                {
                  "function": "minecraft:set_nbt",
                  "tag": "{biome_id:\"minecraft:tall_birch_forest\"}"
                }
              ]
            },
            {
              "conditions": [
                {
                  "condition": "minecraft:location_check",
                  "predicate": {
                    "biome": "minecraft:tall_birch_hills"
                  }
                }
              ],
              "type": "minecraft:item",
              "name": "minecraft:golden_hoe",
              "functions": [
                {
                  "function": "minecraft:set_nbt",
                  "tag": "{biome_id:\"minecraft:tall_birch_hills\"}"
                }
              ]
            },
            {
              "conditions": [
                {
                  "condition": "minecraft:location_check",
                  "predicate": {
                    "biome": "minecraft:dark_forest_hills"
                  }
                }
              ],
              "type": "minecraft:item",
              "name": "minecraft:golden_hoe",
              "functions": [
                {
                  "function": "minecraft:set_nbt",
                  "tag": "{biome_id:\"minecraft:dark_forest_hills\"}"
                }
              ]
            },
            {
              "conditions": [
                {
                  "condition": "minecraft:location_check",
                  "predicate": {
                    "biome": "minecraft:snowy_taiga_mountains"
                  }
                }
              ],
              "type": "minecraft:item",
              "name": "minecraft:golden_hoe",
              "functions": [
                {
                 "function": "minecraft:set_nbt",
                  "tag": "{biome_id:\"minecraft:snowy_taiga_mountains\"}"
                }
              ]
            },
            {
              "conditions": [
                {
                  "condition": "minecraft:location_check",
                  "predicate": {
                    "biome": "minecraft:giant_spruce_taiga"
                  }
                }
              ],
              "type": "minecraft:item",
              "name": "minecraft:golden_hoe",
              "functions": [
                {
                  "function": "minecraft:set_nbt",
                  "tag": "{biome_id:\"minecraft:giant_spruce_taiga\"}"
                }
              ]
            },
            {
              "conditions": [
                {
                  "condition": "minecraft:location_check",
                  "predicate": {
                    "biome": "minecraft:giant_spruce_taiga_hills"
                  }
                }
              ],
              "type": "minecraft:item",
              "name": "minecraft:golden_hoe",
              "functions": [
                {
                  "function": "minecraft:set_nbt",
                  "tag": "{biome_id:\"minecraft:gaint_spruce_taiga_hills\"}"
                }
              ]
            },
            {
              "conditions": [
                {
                  "condition": "minecraft:location_check",
                  "predicate": {
                    "biome": "minecraft:modified_gravelly_mountains"
                  }
                }
              ],
              "type": "minecraft:item",
              "name": "minecraft:golden_hoe",
              "functions": [
                {
                  "function": "minecraft:set_nbt",
                  "tag": "{biome_id:\"minecraft:modified_gravelly_mountains\"}"
                }
              ]
            },
            {
              "conditions": [
                {
                  "condition": "minecraft:location_check",
                  "predicate": {
                    "biome": "minecraft:shattered_savanna"
                  }
                }
              ],
              "type": "minecraft:item",
              "name": "minecraft:golden_hoe",
              "functions": [
                {
                  "function": "minecraft:set_nbt",
                  "tag": "{biome_id:\"minecraft:shattered_savanna\"}"
                }
              ]
            },
            {
              "conditions": [
                {
                  "condition": "minecraft:location_check",
                  "predicate": {
                    "biome": "minecraft:shattered_savanna_plateau"
                  }
                }
              ],
              "type": "minecraft:item",
              "name": "minecraft:golden_hoe",
              "functions": [
                {
                  "function": "minecraft:set_nbt",
                  "tag": "{biome_id:\"minecraft:shattered_savanna_plateau\"}"
                }
              ]
            },
            {
              "conditions": [
                {
                  "condition": "minecraft:location_check",
                  "predicate": {
                    "biome": "minecraft:eroded_badlands"
                  }
                }
              ],
              "type": "minecraft:item",
              "name": "minecraft:golden_hoe",
              "functions": [
                {
                  "function": "minecraft:set_nbt",
                  "tag": "{biome_id:\"minecraft:eroded_badlands\"}"
                }
              ]
            },
            {
              "conditions": [
                {
                  "condition": "minecraft:location_check",
                  "predicate": {
                    "biome": "minecraft:modified_wooded_badlands_plateau"
                  }
                }
              ],
              "type": "minecraft:item",
              "name": "minecraft:golden_hoe",
              "functions": [
                {
                  "function": "minecraft:set_nbt",
                  "tag": "{biome_id:\"minecraft:modified_wooded_badlands_plateau\"}"
                }
              ]
            },
            {
              "conditions": [
                {
                  "condition": "minecraft:location_check",
                  "predicate": {
                    "biome": "minecraft:modified_badlands_plateau"
                  }
                }
              ],
              "type": "minecraft:item",
              "name": "minecraft:golden_hoe",
              "functions": [
                {
                  "function": "minecraft:set_nbt",
                  "tag": "{biome_id:\"minecraft:modified_badlands_plateau\"}"
                }
              ]
            },
            {
              "conditions": [
                {
                  "condition": "minecraft:location_check",
                  "predicate": {
                    "biome": "minecraft:bamboo_jungle"
                  }
                }
              ],
              "type": "minecraft:item",
              "name": "minecraft:golden_hoe",
              "functions": [
                {
                  "function": "minecraft:set_nbt",
                  "tag": "{biome_id:\"minecraft:bamboo_jungle\"}"
                }
              ]
            },
            {
              "conditions": [
                {
                  "condition": "minecraft:location_check",
                  "predicate": {
                    "biome": "minecraft:bamboo_jungle_hills"
                  }
                }
              ],
              "type": "minecraft:item",
              "name": "minecraft:golden_hoe",
              "functions": [
                {
                  "function": "minecraft:set_nbt",
                  "tag": "{biome_id:\"minecraft:bamboo_jungle_hills\"}"
                }
              ]
            },
            {
              "conditions": [
                {
                  "condition": "minecraft:location_check",
                  "predicate": {
                    "biome": "minecraft:soul_sand_valley"
                  }
                }
              ],
              "type": "minecraft:item",
              "name": "minecraft:golden_hoe",
              "functions": [
                {
                  "function": "minecraft:set_nbt",
                  "tag": "{biome_id:\"minecraft:soul_sand_valley\"}"
                }
              ]
            },
            {
              "conditions": [
                {
                  "condition": "minecraft:location_check",
                  "predicate": {
                    "biome": "minecraft:crimson_forest"
                  }
                }
              ],
              "type": "minecraft:item",
              "name": "minecraft:golden_hoe",
              "functions": [
                {
                  "function": "minecraft:set_nbt",
                  "tag": "{biome_id:\"minecraft:crimson_forest\"}"
                }
              ]
            },
            {
              "conditions": [
                {
                  "condition": "minecraft:location_check",
                  "predicate": {
                    "biome": "minecraft:warped_forest"
                  }
                }
              ],
              "type": "minecraft:item",
              "name": "minecraft:golden_hoe",
              "functions": [
                {
                  "function": "minecraft:set_nbt",
                  "tag": "{biome_id:\"minecraft:warped_forest\"}"
                }
              ]
            },
            {
              "conditions": [
                {
                  "condition": "minecraft:location_check",
                  "predicate": {
                    "biome": "minecraft:basalt_deltas"
                  }
                }
              ],
              "type": "minecraft:item",
              "name": "minecraft:golden_hoe",
              "functions": [
                {
                  "function": "minecraft:set_nbt",
                  "tag": "{biome_id:\"minecraft:basalt_deltas\"}"
                }
              ]
            },
            {
              "type": "minecraft:item",
              "name": "minecraft:golden_hoe",
              "functions": [
                {
                  "function": "minecraft:set_nbt",
                  "tag": "{biome_id:0}"
                }
              ]
            }
          ]
        }
      ]
    }
  ]
}


