{
  "type": "minecraft:generic",
  "pools": [
	{
	  "rolls": 1,
	  "entries": [
		{
		  "type": "minecraft:item",
		  "name": "minecraft:golden_hoe",
		  "functions": [
			{
			  "function": "minecraft:set_attributes",
			  "modifiers": [
				{
				  "name":"generic.max_health",
				  "attribute":"generic.max_health",
				  "operation":"addition",
				  "slot":"head",
				  "amount":{
				    "min":0,
					"max":1
				  }
				}
			  ]
			}
		  ]
		}
	  ]
	}
  ]
}


