{
  "display": {
    "icon": {
      "item": "minecraft:dark_prismarine"
    },
    "title": {
      "text": "Deep Oasis"
    },
    "description": {
      "text": "Dive into a deep oasis"
    },
    "frame": "task",
    "show_toast": true,
    "announce_to_chat": true,
    "hidden": false
  },
  "parent": "dnl:story/structures/hunters_grave/locate",
  "criteria": {
    "locate deep oasis": {
      "trigger": "minecraft:impossible"
    }
  },
  "rewards": {
    "function": "dnl:advancements/locate_dungeon"
  }
}
