{
    "rouxls_battle": {
         "sounds":[
             {
                 "name": "ultris:rouxls_battle",
                 "pitch": 1.0,
                 "weight": 1,
                 "volume": 0.6,
                 "attenuation_distance": 16,
                 "stream": true
             } 
         ]
    },
"mc_dungeons_etherealblocks": {
         "sounds":[
             {
                 "name": "ultris:mc_dungeons_etherealblocks",
                 "pitch": 1.0,
                 "weight": 1,
"volume": 0.8,
                 "stream": true
             } 
         ]
    },
    "mc_dungeons_metaluna": {
        "sounds":[
            {
                "name": "ultris:mc_dungeons_metaluna",
                "pitch": 1.0,
                "weight": 1,
"volume": 0.65,
                "stream": true
            } 
        ]
   }
}
