{
  "type": "minecraft:decorated",
  "config": {
    "decorator": {
      "type": "minecraft:count_extra",
      "config": {
        "count": 10,
        "extra_count": 0,
        "extra_chance": 0
      }
    },
    "feature": {
      "type": "minecraft:decorated",
      "config": {
        "decorator": {
          "type": "minecraft:decorated",
          "config": {
            "outer": {
              "type": "minecraft:square",
              "config": {}
            },
            "inner": {
              "type": "minecraft:count_noise_biased",
              "config": {
                "noise_to_count_ratio": 30,
                "noise_factor": 100,
                "noise_offset": 0
              }
            }
          }
        },
        "feature": {
          "type": "minecraft:decorated",
          "config": {
            "decorator": {
              "type": "minecraft:decorated",
              "config": {
                "outer": {
                  "type": "minecraft:square",
                  "config": {}
                },
                "inner": {
                  "type": "minecraft:count_noise_biased",
                  "config": {
                    "noise_to_count_ratio": 300,
                    "noise_factor": 30,
                    "noise_offset": -0.2
                  }
                }
              }
            },
            "feature": {
              "type": "minecraft:decorated",
              "config": {
                "decorator": {
                  "type": "minecraft:range",
                  "config": {
                    "height": {
                      "type": "minecraft:uniform",
                      "min_inclusive": {
                        "above_bottom": 0
                      },
                      "max_inclusive": {
                        "below_top": 0
                      }
                    }
                  }
                },
                "feature": {
                  "type": "minecraft:decorated",
                  "config": {
                    "decorator": {
                      "type": "minecraft:cave_surface",
                      "config": {
                        "surface": "floor",
                        "floor_to_ceiling_search_range": 10
                      }
                    },
                    "feature": {
                      "type": "minecraft:random_selector",
                      "config": {
                        "features": [
                          {
                            "chance": 0.8,
                            "feature": "far_end:wilds/tree/bush"
                          }
                        ],
                        "default": "far_end:nothing"
                      }
                    }
                  }
                }
              }
            }
          }
        }
      }
    }
  }
}
