{
  "type": "minecraft:decorated",
  "config": {
    "decorator": {
      "type": "minecraft:count_extra",
      "config": {
        "count": 10,
        "extra_count": 0,
        "extra_chance": 0
      }
    },
    "feature": {
      "type": "minecraft:decorated",
      "config": {
        "decorator": {
          "type": "minecraft:decorated",
          "config": {
            "outer": {
              "type": "minecraft:square",
              "config": {}
            },
            "inner": {
              "type": "minecraft:count_noise_biased",
              "config": {
                "noise_to_count_ratio": 1,
                "noise_factor": 100,
                "noise_offset": -0.5
              }
            }
          }
        },
        "feature": {
          "type": "minecraft:decorated",
          "config": {
            "decorator": {
              "type": "minecraft:heightmap",
              "config": {
                "heightmap": "WORLD_SURFACE_WG"
              }
            },
            "feature": {
              "type": "minecraft:decorated",
              "config": {
                "decorator": {
                  "type": "minecraft:cave_surface",
                  "config": {
                    "surface": "floor",
                    "floor_to_ceiling_search_range": 40
                  }
                },
                "feature": {
                  "type": "minecraft:random_patch",
                  "config": {
                    "can_replace": false,
                    "project": true,
                    "need_water": false,
                    "xspread": 7,
                    "yspread": 3,
                    "zspread": 7,
                    "tries": 16,
                    "state_provider": {
                      "type": "minecraft:weighted_state_provider",
                      "entries": [
                        {
                          "weight": 10,
                          "data": {
                            "Name": "minecraft:chorus_flower",
                            "Properties": {
                              "age": "5"
                            }
                          }
                        },
                        {
                          "weight": 1,
                          "data": {
                            "Name": "minecraft:chorus_flower",
                            "Properties": {
                              "age": "0"
                            }
                          }
                        }
                      ]
                    },
                    "block_placer": {
                      "type": "minecraft:simple_block_placer"
                    },
                    "whitelist": [
                      {
                        "Name": "minecraft:end_stone"
                      }
                    ],
                    "blacklist": []
                  }
                }
              }
            }
          }
        }
      }
    }
  }
}
