{
  "type": "minecraft:decorated",
  "config": {
    "decorator": {
      "type": "minecraft:count_extra",
      "config": {
        "count": 80,
        "extra_count": 0,
        "extra_chance": 0
      }
    },
    "feature": {
      "type": "minecraft:decorated",
      "config": {
        "decorator": {
          "type": "minecraft:decorated",
          "config": {
            "outer": {
              "type": "minecraft:square",
              "config": {}
            },
            "inner": {
              "type": "minecraft:count_noise_biased",
              "config": {
                "noise_to_count_ratio": 30,
                "noise_factor": 100,
                "noise_offset": 0
              }
            }
          }
        },
        "feature": {
          "type": "minecraft:decorated",
          "config": {
            "decorator": {
              "type": "minecraft:decorated",
              "config": {
                "outer": {
                  "type": "minecraft:square",
                  "config": {}
                },
                "inner": {
                  "type": "minecraft:count_noise_biased",
                  "config": {
                    "noise_to_count_ratio": 300,
                    "noise_factor": 30,
                    "noise_offset": -0.1
                  }
                }
              }
            },
            "feature": {
              "type": "minecraft:decorated",
              "config": {
                "decorator": {
                  "type": "minecraft:range",
                  "config": {
                    "height": {
                      "type": "minecraft:uniform",
                      "min_inclusive": {
                        "above_bottom": 0
                      },
                      "max_inclusive": {
                        "below_top": 0
                      }
                    }
                  }
                },
                "feature": {
                  "type": "minecraft:decorated",
                  "config": {
                    "decorator": {
                      "type": "minecraft:cave_surface",
                      "config": {
                        "surface": "floor",
                        "floor_to_ceiling_search_range": 2
                      }
                    },
                    "feature": {
                      "type": "minecraft:vegetation_patch",
                      "config": {
                        "surface": "floor",
                        "depth": 1,
                        "vertical_range": 1,
                        "extra_bottom_block_chance": 0,
                        "extra_edge_column_chance": 0,
                        "vegetation_chance": 1,
                        "xz_radius": 0,
                        "replaceable": "far_end:single/end_stone",
                        "ground_state": {
                          "type": "minecraft:weighted_state_provider",
                          "entries": [
                            {
                              "weight": 1,
                              "data": {
                                "Name": "minecraft:grass_block",
                                "Properties": {
                                  "snowy": "false"
                                }
                              }
                            }
                          ]
                        },
                        "vegetation_feature": {
                          "type": "minecraft:flower",
                          "config": {
                            "can_replace": true,
                            "project": true,
                            "need_water": false,
                            "xspread": 1,
                            "yspread": 1,
                            "zspread": 1,
                            "tries": 3,
                            "state_provider": {
                              "type": "minecraft:simple_state_provider",
                              "state": {
                                "Name": "minecraft:oak_leaves",
                                "Properties": {
                                  "distance": "7",
                                  "persistent": "true"
                                }
                              }
                            },
                            "block_placer": {
                              "type": "minecraft:simple_block_placer"
                            },
                            "whitelist": [],
                            "blacklist": []
                          }
                        }
                      }
                    }
                  }
                }
              }
            }
          }
        }
      }
    }
  }
}
