{
  "type": "minecraft:decorated",
  "config": {
    "decorator": {
      "type": "minecraft:count_extra",
      "config": {
        "count": 300,
        "extra_count": 0,
        "extra_chance": 0
      }
    },
    "feature": {
      "type": "minecraft:decorated",
      "config": {
        "decorator": {
          "type": "minecraft:decorated",
          "config": {
            "outer": {
              "type": "minecraft:square",
              "config": {}
            },
            "inner": {
              "type": "minecraft:count_noise_biased",
              "config": {
                "noise_to_count_ratio": 30,
                "noise_factor": 1,
                "noise_offset": 0
              }
            }
          }
        },
        "feature": {
          "type": "minecraft:decorated",
          "config": {
            "decorator": {
              "type": "minecraft:decorated",
              "config": {
                "outer": {
                  "type": "minecraft:square",
                  "config": {}
                },
                "inner": {
                  "type": "minecraft:range",
                  "config": {
                    "height": {
                      "type": "minecraft:uniform",
                      "min_inclusive": {
                        "above_bottom": 0
                      },
                      "max_inclusive": {
                        "below_top": 0
                      }
                    }
                  }
                }
              }
            },
            "feature": {
              "type": "minecraft:decorated",
              "config": {
                "decorator": {
                  "type": "minecraft:cave_surface",
                  "config": {
                    "surface": "floor",
                    "floor_to_ceiling_search_range": 4
                  }
                },
                "feature": {
                  "type": "minecraft:vegetation_patch",
                  "config": {
                    "surface": "floor",
                    "depth": 1,
                    "vertical_range": 1,
                    "extra_bottom_block_chance": 0,
                    "extra_edge_column_chance": 0,
                    "vegetation_chance": 1,
                    "xz_radius": {
                      "type": "minecraft:uniform",
                      "value": {
                        "min_inclusive": 0,
                        "max_inclusive": 1
                      }
                    },
                    "replaceable": "far_end:flesh_surface",
                    "ground_state": {
                      "type": "minecraft:simple_state_provider",
                      "state": {
                        "Name": "minecraft:water",
                        "Properties": {
                          "level": "0"
                        }
                      }
                    },
                    "vegetation_feature": {
                      "type": "minecraft:netherrack_replace_blobs",
                      "config": {
                        "state": {
                          "Name": "minecraft:water",
                          "Properties": {
                            "level": "0"
                          }
                        },
                        "target": {
                          "Name": "minecraft:crimson_nylium"
                        },
                        "radius": {
                          "type": "minecraft:uniform",
                          "value": {
                            "min_inclusive": 4,
                            "max_inclusive": 12
                          }
                        }
                      }
                    }
                  }
                }
              }
            }
          }
        }
      }
    }
  }
}
