{
  "type": "minecraft:decorated",
  "config": {
    "decorator": {
      "type": "minecraft:count",
      "config": {
        "count": 100
      }
    },
    "feature": {
      "type": "minecraft:decorated",
      "config": {
        "decorator": {
          "type": "minecraft:decorated",
          "config": {
            "outer": {
              "type": "minecraft:square",
              "config": {}
            },
            "inner": {
              "type": "minecraft:count_noise_biased",
              "config": {
                "noise_to_count_ratio": 50,
                "noise_factor": 10,
                "noise_offset": 0
              }
            }
          }
        },
        "feature": {
          "type": "minecraft:decorated",
          "config": {
            "decorator": {
              "type": "minecraft:decorated",
              "config": {
                "outer": {
                  "type": "minecraft:range",
                  "config": {
                    "height": {
                      "type": "minecraft:uniform",
                      "min_inclusive": {
                        "above_bottom": 0
                      },
                      "max_inclusive": {
                        "below_top": 0
                      }
                    }
                  }
                },
                "inner": {
                  "type": "minecraft:square",
                  "config": {}
                }
              }
            },
            "feature": {
              "type": "minecraft:simple_block",
              "config": {
                "to_place": {
                  "type": "minecraft:weighted_state_provider",
                  "entries": [
                    {
                      "weight": 1,
                      "data": {
                        "Name": "minecraft:amethyst_cluster",
                        "Properties": {
                          "facing": "up",
                          "waterlogged": "false"
                        }
                      }
                    },
                    {
                      "weight": 3,
                      "data": {
                        "Name": "minecraft:large_amethyst_bud",
                        "Properties": {
                          "facing": "up",
                          "waterlogged": "false"
                        }
                      }
                    },
                    {
                      "weight": 3,
                      "data": {
                        "Name": "minecraft:medium_amethyst_bud",
                        "Properties": {
                          "facing": "up",
                          "waterlogged": "false"
                        }
                      }
                    },
                    {
                      "weight": 3,
                      "data": {
                        "Name": "minecraft:small_amethyst_bud",
                        "Properties": {
                          "facing": "up",
                          "waterlogged": "false"
                        }
                      }
                    }
                  ]
                },
                "place_on": [
                  {
                    "Name": "minecraft:end_stone_bricks"
                  },
                  {
                    "Name": "minecraft:end_stone"
                  },
                  {
                    "Name": "minecraft:calcite"
                  },
                  {
                    "Name": "minecraft:grass_block",
                    "Properties": {
                      "snowy": "false"
                    }
                  }
                ],
                "place_in": [
                  {
                    "Name": "minecraft:air"
                  }
                ],
                "place_under": [
                  {
                    "Name": "minecraft:air"
                  }
                ]
              }
            }
          }
        }
      }
    }
  }
}
