{
  "type": "minecraft:decorated",
  "config": {
    "decorator": {
      "type": "minecraft:count_extra",
      "config": {
        "count": 1000,
        "extra_count": 0,
        "extra_chance": 0
      }
    },
    "feature": {
      "type": "minecraft:decorated",
      "config": {
        "decorator": {
          "type": "minecraft:square",
          "config": {}
        },
        "feature": {
          "type": "minecraft:decorated",
          "config": {
            "decorator": {
              "type": "minecraft:range",
              "config": {
                "height": {
                  "type": "minecraft:uniform",
                  "min_inclusive": {
                    "absolute": -256
                  },
                  "max_inclusive": {
                    "absolute": 256
                  }
                }
              }
            },
            "feature": {
              "type": "minecraft:simple_block",
              "config": {
                "to_place": {
                  "type": "minecraft:weighted_state_provider",
                  "entries": [
                    {
                      "weight": 3,
                      "data": {
                        "Name": "minecraft:large_amethyst_bud",
                        "Properties": {
                          "facing": "down",
                          "waterlogged": "false"
                        }
                      }
                    },
                    {
                      "weight": 2,
                      "data": {
                        "Name": "minecraft:medium_amethyst_bud",
                        "Properties": {
                          "facing": "down",
                          "waterlogged": "false"
                        }
                      }
                    },
                    {
                      "weight": 1,
                      "data": {
                        "Name": "minecraft:small_amethyst_bud",
                        "Properties": {
                          "facing": "down",
                          "waterlogged": "false"
                        }
                      }
                    }
                  ]
                },
                "place_on": [
                  {
                    "Name": "minecraft:air",
                    "Properties": {}
                  }
                ],
                "place_in": [
                  {
                    "Name": "minecraft:air"
                  }
                ],
                "place_under": [
                  {
                    "Name": "minecraft:budding_amethyst"
                  },
                  {
                    "Name": "minecraft:amethyst_block"
                  }
                ]
              }
            }
          }
        }
      }
    }
  }
}
