{
  "type": "minecraft:decorated",
  "config": {
    "decorator": {
      "type": "minecraft:chance",
      "config": {
        "chance": 1
      }
    },
    "feature": {
      "type": "minecraft:decorated",
      "config": {
        "decorator": {
          "type": "minecraft:square",
          "config": {}
        },
        "feature": {
          "type": "minecraft:decorated",
          "config": {
            "decorator": {
              "type": "minecraft:range",
              "config": {
                "height": {
                  "type": "minecraft:uniform",
                  "min_inclusive": {
                    "above_bottom": 6
                  },
                  "max_inclusive": {
                    "absolute": 46
                  }
                }
              }
            },
            "feature": {
              "type": "minecraft:geode",
              "config": {
                "blocks": {
                  "filling_provider": {
                    "type": "minecraft:simple_state_provider",
                    "state": {
                      "Name": "minecraft:air"
                    }
                  },
                  "inner_layer_provider": {
                    "type": "minecraft:simple_state_provider",
                    "state": {
                      "Name": "minecraft:amethyst_block"
                    }
                  },
                  "alternate_inner_layer_provider": {
                    "type": "minecraft:simple_state_provider",
                    "state": {
                      "Name": "minecraft:budding_amethyst"
                    }
                  },
                  "middle_layer_provider": {
                    "type": "minecraft:simple_state_provider",
                    "state": {
                      "Name": "minecraft:calcite"
                    }
                  },
                  "outer_layer_provider": {
                    "type": "minecraft:simple_state_provider",
                    "state": {
                      "Name": "minecraft:calcite"
                    }
                  },
                  "inner_placements": [
                    {
                      "Name": "minecraft:small_amethyst_bud",
                      "Properties": {
                        "waterlogged": "false",
                        "facing": "up"
                      }
                    },
                    {
                      "Name": "minecraft:medium_amethyst_bud",
                      "Properties": {
                        "waterlogged": "false",
                        "facing": "up"
                      }
                    },
                    {
                      "Name": "minecraft:large_amethyst_bud",
                      "Properties": {
                        "waterlogged": "false",
                        "facing": "up"
                      }
                    },
                    {
                      "Name": "minecraft:amethyst_cluster",
                      "Properties": {
                        "waterlogged": "false",
                        "facing": "up"
                      }
                    }
                  ],
                  "cannot_replace": "far_end:general/invalid_air",
                  "invalid_blocks": "far_end:general/invalid_air"
                },
                "layers": {
                  "filling": 1.7,
                  "inner_layer": 2.2,
                  "middle_layer": 3.2,
                  "outer_layer": 4.2
                },
                "crack": {
                  "generate_crack_chance": 0.95,
                  "base_crack_size": 2,
                  "crack_point_offset": 2
                },
                "noise_multiplier": 0.05,
                "use_potential_placements_chance": 0.35,
                "use_alternate_layer0_chance": 0.083,
                "placements_require_layer0_alternate": true,
                "outer_wall_distance": {
                  "type": "minecraft:uniform",
                  "value": {
                    "min_inclusive": 4,
                    "max_inclusive": 6
                  }
                },
                "distribution_points": {
                  "type": "minecraft:uniform",
                  "value": {
                    "min_inclusive": 3,
                    "max_inclusive": 4
                  }
                },
                "point_offset": {
                  "type": "minecraft:uniform",
                  "value": {
                    "min_inclusive": 1,
                    "max_inclusive": 2
                  }
                },
                "min_gen_offset": -16,
                "max_gen_offset": 16,
                "invalid_blocks_threshold": 1
              }
            }
          }
        }
      }
    }
  }
}
