{
    "display": {
        "title": {
            "translate": "mech.advancements.modular_armor.title",
			"color":"green"
        },
        "description": {
            "translate": "mech.advancements.modular_armor.desc",
			"color":"dark_aqua"
        },
        "icon": {
            "item": "minecraft:leather_chestplate",
            "nbt": "{CustomModelData:6424107}"
        },
        "frame": "task"
    },
    "criteria": {
        "have_battery_1": {
            "trigger": "minecraft:inventory_changed",
            "conditions": {
                "items": [
					{
                        "nbt": "{mech_itemid:4106}"
                    },
					{
                        "nbt": "{mech_itemid:4107}"
                    },
					{
                        "nbt": "{mech_itemid:4108}"
                    },
					{
                        "nbt": "{mech_itemid:4109}"
                    }
                ]
            }
        }
    },
    "parent": "mechanization:gadgets/energy_saber"
}
