{
    "display": {
        "title": {
            "translate": "mech.advancements.plasma_weapon.title",
			"color":"green"
        },
        "description": {
            "translate": "mech.advancements.plasma_weapon.desc",
			"color":"dark_aqua"
        },
        "icon": {
            "item": "minecraft:carrot_on_a_stick",
            "nbt": "{CustomModelData:6424102}"
        },
        "frame": "challenge"
    },
    "criteria": {
        "have_battery_1": {
            "trigger": "minecraft:inventory_changed",
            "conditions": {
                "items": [{
                        "nbt": "{mech_itemid:4102}"
                    }
                ]
            }
        }
    },
    "parent": "mechanization:base/tier_3_battery"
}
