{
    "display": {
        "title": {
            "translate": "mech.advancements.tinker_table.title",
			"color":"green"
        },
        "description": {
            "translate": "mech.advancements.tinker_table.desc",
			"color":"dark_aqua"
        },
        "icon": {
            "item": "minecraft:blast_furnace",
            "nbt": "{CustomModelData:6424001}"
        },
        "frame": "task"
    },
    "criteria": {
        "have_battery_1": {
            "trigger": "minecraft:inventory_changed",
            "conditions": {
                "items": [{
                        "nbt": "{mech_itemid:4001}"
                    }
                ]
            }
        }
    },
    "parent": "mechanization:base/tier_1_battery"
}
