{
    "__comment": "Made with TheDestruc7i0n's advancements generator: https://advancements.thedestruc7i0n.ca",
    "display": {
        "title": {
            "text": "Collector of Souls",
            "color": ""
        },
        "description": {
            "text": "Find the Sanctum Keeper",
            "color": "green"
        },
        "icon": {
            "item": "minecraft:player_head",
            "nbt": "{display:{Name:\"{\\\"text\\\":\\\"Stray\\\"}\"},SkullOwner:{Id:[I;1785929880,503663408,-1696403692,-78066405],Properties:{textures:[{Value:\"eyJ0ZXh0dXJlcyI6eyJTS0lOIjp7InVybCI6Imh0dHA6Ly90ZXh0dXJlcy5taW5lY3JhZnQubmV0L3RleHR1cmUvMmM1MDk3OTE2YmMwNTY1ZDMwNjAxYzBlZWJmZWIyODcyNzdhMzRlODY3YjRlYTQzYzYzODE5ZDUzZTg5ZWRlNyJ9fX0=\"}]}}}"
        },
        "frame": "task",
        "show_toast": true,
        "announce_to_chat": true,
        "hidden": false
    },
    "criteria": {
        "c1": {
            "trigger": "minecraft:impossible"
        }
    },
    "parent": "1_splatus:sanctum/soul_find"
}