{
    "__comment": "Made with TheDestruc7i0n's advancements generator: https://advancements.thedestruc7i0n.ca",
    "display": {
        "title": {
            "text": "Free the Sanctum",
            "color": ""
        },
        "description": {
            "text": "Defeat the Sanctum Keeper",
            "color": "dark_purple"
        },
        "icon": {
            "item": "minecraft:bow",
            "nbt": "{CustomModelData:87002,enchants:[{lvl:4,id:6}],has_enchants:1b,Enchantments:[{}]}"
        },
        "frame": "challenge",
        "show_toast": true,
        "announce_to_chat": true,
        "hidden": false
    },
    "criteria": {
        "c1": {
            "trigger": "minecraft:impossible"
        }
    },
    "parent": "1_splatus:sanctum/keeper1"
}