{
    "__comment": "Made with TheDestruc7i0n's advancements generator: https://advancements.thedestruc7i0n.ca",
    "display": {
        "title": {
            "text": "Corruptions Birthplace",
            "color": ""
        },
        "description": {
            "text": "Find the Corruption lab inside the sanctum",
            "color": "green"
            
        },
        "icon": {
            "item": "minecraft:soul_lantern"
        },
        "frame": "task",
        "show_toast": true,
        "announce_to_chat": true,
        "hidden": false
    },
    "criteria": {
        "c1": {
            "trigger": "minecraft:impossible"
        }
    },
    "parent": "1_splatus:sanctum/soul_find"
}