{
    "__comment": "Made with TheDestruc7i0n's advancements generator: https://advancements.thedestruc7i0n.ca",
    "display": {
        "title": {
            "text": "Mad Scienctist",
            "color": ""
        },
        "description": {
            "text": "Create some corrupt dust within the Corruption Lab",
            "color": "green"
            
        },
        "icon": {
            "item": "minecraft:glowstone_dust",
            "nbt": "{CustomModelData:87007}"
        },
        "frame": "task",
        "show_toast": true,
        "announce_to_chat": true,
        "hidden": false
    },
    "criteria": {
        "c1": {
            "trigger": "minecraft:impossible"
        }
    },
    "parent": "1_splatus:sanctum/lab"
}