{
    "__comment": "Made with TheDestruc7i0n's advancements generator: https://advancements.thedestruc7i0n.ca",
    "display": {
        "title": {
            "text": "The Sanctum's Corrupter",
            "color": ""
        },
        "description": {
            "text": "Throw corrupt dust on a enderman and convert it into a Corrupted Enderman.",
            "color": "green"
            
        },
        "icon": {
            "item": "minecraft:player_head",
            "nbt": "{display:{Name:\"{\\\"text\\\":\\\"Enderman\\\"}\"},SkullOwner:{Id:[I;1850552016,99109209,-1335040439,-653184183],Properties:{textures:[{Value:\"eyJ0ZXh0dXJlcyI6eyJTS0lOIjp7InVybCI6Imh0dHA6Ly90ZXh0dXJlcy5taW5lY3JhZnQubmV0L3RleHR1cmUvOTZjMGIzNmQ1M2ZmZjY5YTQ5YzdkNmYzOTMyZjJiMGZlOTQ4ZTAzMjIyNmQ1ZTgwNDVlYzU4NDA4YTM2ZTk1MSJ9fX0=\"}]}}}"
            },
        "frame": "task",
        "show_toast": true,
        "announce_to_chat": true,
        "hidden": false
    },
    "criteria": {
        "c1": {
            "trigger": "minecraft:impossible"
        }
    },
    "parent": "1_splatus:sanctum/lab2"
}