{
    "__comment": "Made with TheDestruc7i0n's advancements generator: https://advancements.thedestruc7i0n.ca",
    "display": {
        "title": {
            "text": "Feels Like Home",
            "color": ""
        },
        "description": {
            "text": "Hold an emerald in front of the Sanctum Keepers soul and lead it all the way to a village.",
            "color": "green"
        },
        "icon": {
            "item": "minecraft:emerald",
            "nbt": "{CustomModelData:87002,enchants:[{lvl:4,id:6}],has_enchants:1b,Enchantments:[{}]}"
        },
        "frame": "task",
        "show_toast": true,
        "announce_to_chat": true,
        "hidden": false
    },
    "criteria": {
        "c1": {
            "trigger": "minecraft:impossible"
        }
    },
    "parent": "1_splatus:sanctum/keeper2"
}