{
    "__comment": "Made with TheDestruc7i0n's advancements generator: https://advancements.thedestruc7i0n.ca",
    "display": {
        "title": {
            "text": "Released",
            "color": ""
        },
        "description": {
            "text": "Free a trapped soul from a glass container",
            "color": "green"
        },
        "icon": {
            "item": "minecraft:soul_lantern"
        },
        "frame": "task",
        "show_toast": true,
        "announce_to_chat": true,
        "hidden": false
    },
    "criteria": {
        "c1": {
            "trigger": "minecraft:impossible"
        }
    },
    "parent": "1_splatus:sanctum/soul_find"
}