{
    "__comment": "Made with TheDestruc7i0n's advancements generator: https://advancements.thedestruc7i0n.ca",
    "display": {
        "title": {
            "text": "The Sanctum's Repairer",
            "color": ""
        },
        "description": {
            "text": "Run out of the Fortified Sanctum's XP Machine uses, then throw a diamond on top of it to repair it",
            "color": "green"
        },
        "icon": {
            "item": "minecraft:diamond"
        },
        "frame": "task",
        "show_toast": true,
        "announce_to_chat": true,
        "hidden": false
    },
    "criteria": {
        "c1": {
            "trigger": "minecraft:impossible"
        }
    },
    "parent": "1_splatus:sanctum/v_library"
}