{
	"condition": "minecraft:location_check",
	"predicate": {
	  "block": {
		"nbt": "{Items:[
		  {Slot:2b, tag:{ctc:{traits:{ ingot:1b, \"metal/steel\":1b }}} },
		  {Slot:3b, tag:{ctc:{traits:{ ingot:1b, \"metal/structural_alloy\":1b }}} },
		  {Slot:4b, tag:{ctc:{traits:{ ingot:1b, \"metal/steel\":1b }}} },
		  
		  {Slot:11b, id:\"minecraft:ender_eye\" },
		  {Slot:12b, id:\"minecraft:hopper\" },
		  {Slot:13b, id:\"minecraft:ender_eye\" },
		  
		  {Slot:20b, tag:{ctc:{traits:{ ingot:1b, \"metal/steel\":1b }}} },
		  {Slot:21b, tag:{ctc:{traits:{ ingot:1b, \"metal/structural_alloy\":1b }}} },
		  {Slot:22b, tag:{ctc:{traits:{ ingot:1b, \"metal/steel\":1b }}} }
		]}"
	  }
	}
  }