[
  {
	"condition": "minecraft:location_check",
	"predicate": {
	  "block": {
		"nbt": "{Items:[
		  {Slot:2b, tag:{ctc:{traits:{ ingot:1b, \"metal/steel\":1b }}} },
		  {Slot:3b, tag:{ctc:{traits:{ ingot:1b, \"metal/structural_alloy\":1b }}} },
		  {Slot:4b, tag:{ctc:{traits:{ ingot:1b, \"metal/steel\":1b }}} }
		]}"
	  }
	}
  },
  { "condition": "minecraft:inverted", "term": { "condition": "minecraft:location_check", "predicate": { "block": { "nbt": "{Items:[{Slot:11b}]}" }}}},
  { "condition": "minecraft:inverted", "term": { "condition": "minecraft:location_check", "predicate": { "block": { "nbt": "{Items:[{Slot:12b}]}" }}}},
  { "condition": "minecraft:inverted", "term": { "condition": "minecraft:location_check", "predicate": { "block": { "nbt": "{Items:[{Slot:13b}]}" }}}},
  { "condition": "minecraft:inverted", "term": { "condition": "minecraft:location_check", "predicate": { "block": { "nbt": "{Items:[{Slot:20b}]}" }}}},
  { "condition": "minecraft:inverted", "term": { "condition": "minecraft:location_check", "predicate": { "block": { "nbt": "{Items:[{Slot:21b}]}" }}}},
  { "condition": "minecraft:inverted", "term": { "condition": "minecraft:location_check", "predicate": { "block": { "nbt": "{Items:[{Slot:22b}]}" }}}}
]