{
	"condition": "minecraft:location_check",
	"predicate": {
	  "block": {
		"nbt": "{Items:[
		  {Slot:2b, tag:{ctc:{traits:{ ingot:1b, \"metal/titanium_steel\":1b }}} },
		  {Slot:3b, tag:{ctc:{traits:{ rod:1b, \"metal/ender_alloy\":1b }}} },
		  {Slot:4b, tag:{ctc:{traits:{ ingot:1b, \"metal/titanium_steel\":1b }}} },
		  
		  {Slot:11b, tag:{ctc:{traits:{ rod:1b, \"metal/super_conductive_alloy\":1b }}} },
		  {Slot:12b, tag:{mech_itemid:5007} },
		  {Slot:13b, tag:{ctc:{traits:{ rod:1b, \"metal/super_conductive_alloy\":1b }}} },
		  
		  {Slot:20b, tag:{ctc:{traits:{ ingot:1b, \"metal/titanium_steel\":1b }}} },
		  {Slot:21b, tag:{ctc:{traits:{ rod:1b, \"metal/nether_alloy\":1b }}} },
		  {Slot:22b, tag:{ctc:{traits:{ ingot:1b, \"metal/titanium_steel\":1b }}} }
		]}"
	  }
	}
  }