{
	"condition": "minecraft:location_check",
	"predicate": {
	  "block": {
		"nbt": "{Items:[
		  {Slot:2b, id:\"minecraft:iron_bars\" },
		  {Slot:3b, tag:{ctc:{traits:{ ingot:1b, \"gem/crystal_composite\":1b }}} },
		  {Slot:4b, id:\"minecraft:iron_bars\" },
		  
		  {Slot:11b, tag:{ctc:{traits:{ gear:1b, \"metal/conductive_alloy\":1b }}} },
		  {Slot:12b, tag:{ctc:{traits:{ \"machine_frame/tier2\":1b }}} },
		  {Slot:13b, tag:{ctc:{traits:{ gear:1b, \"metal/conductive_alloy\":1b }}} },
		  
		  {Slot:20b, id:\"minecraft:iron_bars\" },
		  {Slot:21b, id:\"minecraft:barrel\" },
		  {Slot:22b, id:\"minecraft:iron_bars\" }
		]}"
	  }
	}
  }