{
	"condition": "minecraft:location_check",
	"predicate": {
	  "block": {
		"nbt": "{Items:[
		  {Slot:2b, id:\"minecraft:chiseled_stone_bricks\"},
		  {Slot:3b, id:\"minecraft:stonecutter\"},
		  {Slot:4b, id:\"minecraft:chiseled_stone_bricks\"},
		  
		  {Slot:11b, tag:{ctc:{traits:{ plate:1b, \"metal/conductive_alloy\":1b }}}},
		  {Slot:12b, tag:{ctc:{traits:{ \"machine_frame/tier2\":1b }}} },
		  {Slot:13b, tag:{ctc:{traits:{ plate:1b, \"metal/conductive_alloy\":1b }}}},
		  
		  {Slot:20b, id:\"minecraft:chiseled_stone_bricks\"},
		  {Slot:21b, id:\"minecraft:iron_pickaxe\"},
		  {Slot:22b, id:\"minecraft:chiseled_stone_bricks\"}
		]}"
	  }
	}
  }