{
	"condition": "minecraft:location_check",
	"predicate": {
	  "block": {
		"nbt": "{Items:[
		  {Slot:2b, id:\"minecraft:chest\" },
		  {Slot:3b, id:\"minecraft:ender_chest\" },
		  {Slot:4b, id:\"minecraft:chest\" },
		  
		  {Slot:11b, id:\"minecraft:chest\" },
		  {Slot:12b, tag:{ctc:{traits:{ \"machine_frame/tier2\":1b }}}},
		  {Slot:13b, id:\"minecraft:chest\" },
		  
		  {Slot:20b, id:\"minecraft:chest\" },
		  {Slot:21b, id:\"minecraft:hopper\" },
		  {Slot:22b, id:\"minecraft:chest\" }
		]}"
	  }
	}
  }