{
  "type": "minecraft:entity",
  "pools": [
    {
      "rolls": 1,
      "entries": [
        {
          "type": "minecraft:item",
		  "name": "minecraft:blast_furnace",
          "functions": [
            {
			  "function": "minecraft:set_name",
			  "name": {"translate":"mech.block.charging_station","color":"dark_red","italic":false}
			},
			{
			  "function": "minecraft:set_lore",
			  "lore": [
			    {"translate":"mech.lore.consume","with":["128"],"color":"white","italic":false},
				{"translate":"mech.lore.added_by","color":"blue","italic":false}
			  ]
			},
			{
              "function": "minecraft:set_nbt",
              "tag":"{mech_itemid: 4000, CustomModelData: 6424000, HideFlags: 6, BlockEntityTag: {Lock: \"§mechanization\"}}"
            }
          ]
        }
      ]
    }
  ]
}