{
  "type": "minecraft:entity",
  "pools": [
    {
      "rolls": 1,
      "entries": [
        {
          "type": "minecraft:item",
		  "name": "minecraft:carrot_on_a_stick",
          "functions": [
            {
			  "function": "minecraft:set_name",
			  "name": {"translate":"mech.item.energy_saber","color":"dark_red","italic":false}
			},
			{
			  "function": "minecraft:set_lore",
			  "lore": [
			     {"text":""},
				 {"translate":"item.modifiers.mainhand","color":"gray","italic":false},
				[{"text":"  1 ","color":"dark_green","italic":false},{"translate":"attribute.name.generic.attack_damage"}],
				[{"text":"  1 ","color":"dark_green","italic":false},{"translate":"attribute.name.generic.attack_speed"}],
				[{"text":"  0 ","color":"dark_green","italic":false},{"translate":"mech.lore.energy_saber_range"}],
				 {"translate":"mech.lore.added_by","color":"blue","italic":false}
			  ]
			},
			{
              "function": "minecraft:set_nbt",
              "tag":"{mech_itemid: 4100, CustomModelData: 6424100, Unbreakable:1b, HideFlags:70, mech_upgrades:{type:1b,count:5b,saber_range:0,items:[]}}"
            },
			{
			  "function":"set_attributes",
			  "modifiers": [
				{
				  "name":"generic.attack_damage",
				  "attribute":"generic.attack_damage",
				  "operation":"addition",
				  "amount":1,
				  "slot":"mainhand"
				},
				{
				  "name":"generic.attack_speed",
				  "attribute":"generic.attack_speed",
				  "operation":"addition",
				  "amount":-3,
				  "slot":"mainhand"
				}
			  ]
			}
          ]
        }
      ]
    }
  ]
}