{
  "type": "minecraft:decorated",
  "config": {
    "decorator": {
      "type": "minecraft:decorated",
      "config": {
        "outer": {
          "type": "minecraft:carving_mask",
          "config": {
            "step": "air"
          }
        },
        "inner": {
          "type": "minecraft:chance",
          "config": {
            "chance": 3
          }
        }
      }
    },
    "feature": {
      "type": "minecraft:replace_single_block",
      "config": {
        "targets": [
          {
            "target": {
              "predicate_type": "minecraft:blockstate_match",
              "block_state": {
                "Name": "minecraft:end_stone"
              }
            },
            "state": {
              "Name": "minecraft:end_stone_bricks"
            }
          }
        ]
      }
    }
  }
}
