
{
  "type": "minecraft:entity",
  "pools": [
    {
      "rolls": 1,
      "entries": [
        {
          "type": "minecraft:item",
          "name": "minecraft:written_book",
          "functions": [
            {
              "function": "minecraft:set_name",
              "name": {"translate":"mech.item.mechanical_manual","color":"gray","italic":false}
            },
            {
              "function": "minecraft:set_lore",
              "lore": [
                {"translate":"mech.lore.added_by","color":"blue","italic":false}
              ]
            },
            {
              "function": "minecraft:set_nbt",
              "tag":"{mech_itemid: 1105, CustomModelData: 6421105, HideFlags: 32, author:\"ImCoolYeah105\", title:\"Mechanical Manual\", mech_version:6 }"
            },
            {
              "function": "minecraft:set_nbt",
              "tag":"{pages:['[{\"text\":\"\uee05\",\"font\":\"mechanization:manual\",\"color\":\"white\"},{\"text\":\"      \"},{\"translate\":\"mech.manual.apps_page\",\"color\":\"dark_aqua\"},{\"text\":\"\n\"},{\"text\":\" \uee06\"},{\"translate\":\"offset.-1\",\"font\":\"space:default\",\"with\":[ {\"text\":\"\uee08\",\"font\":\"mechanization:manual\",\"hoverEvent\":{\"action\":\"show_text\",\"contents\":[ {\"translate\":\"mech.manual.app_base\"},{\"text\":\"\n\"},{\"translate\":\"mech.manual.app_base_desc\",\"color\":\"gray\"}]},\"clickEvent\":{\"action\":\"run_command\",\"value\":\"/trigger mech_manual set -1\"}}]},{\"translate\":\"offset.-2\",\"font\":\"space:default\",\"with\":[ {\"text\":\"\uee09\",\"font\":\"mechanization:manual\",\"hoverEvent\":{\"action\":\"show_text\",\"contents\":[ {\"translate\":\"mech.manual.app_machines\"},{\"text\":\"\n\"},{\"translate\":\"mech.manual.app_machines_desc\",\"color\":\"gray\"}]},\"clickEvent\":{\"action\":\"run_command\",\"value\":\"/trigger mech_manual set -2\"}}]},{\"translate\":\"offset.-3\",\"font\":\"space:default\",\"with\":[ {\"text\":\"\uee0a\",\"font\":\"mechanization:manual\",\"hoverEvent\":{\"action\":\"show_text\",\"contents\":[ {\"translate\":\"mech.manual.app_nuclear\"},{\"text\":\"\n\"},{\"translate\":\"mech.manual.app_nuclear_desc\",\"color\":\"gray\"}]},\"clickEvent\":{\"action\":\"run_command\",\"value\":\"/trigger mech_manual set -3\"}}]},{\"translate\":\"offset.-4\",\"font\":\"space:default\",\"with\":[ {\"text\":\"\uee07\",\"font\":\"mechanization:manual\"}]},{\"text\":\"\n  \"},{\"text\":\"        \",\"hoverEvent\":{\"action\":\"show_text\",\"contents\":[ {\"translate\":\"mech.manual.app_base\"},{\"text\":\"\n\"},{\"translate\":\"mech.manual.app_base_desc\",\"color\":\"gray\"}]},\"clickEvent\":{\"action\":\"run_command\",\"value\":\"/trigger mech_manual set -1\"}},{\"text\":\"        \",\"hoverEvent\":{\"action\":\"show_text\",\"contents\":[ {\"translate\":\"mech.manual.app_machines\"},{\"text\":\"\n\"},{\"translate\":\"mech.manual.app_machines_desc\",\"color\":\"gray\"}]},\"clickEvent\":{\"action\":\"run_command\",\"value\":\"/trigger mech_manual set -2\"}},{\"text\":\"        \",\"hoverEvent\":{\"action\":\"show_text\",\"contents\":[ {\"translate\":\"mech.manual.app_nuclear\"},{\"text\":\"\n\"},{\"translate\":\"mech.manual.app_nuclear_desc\",\"color\":\"gray\"}]},\"clickEvent\":{\"action\":\"run_command\",\"value\":\"/trigger mech_manual set -3\"}},{\"text\":\"\n  \"},{\"text\":\"        \",\"hoverEvent\":{\"action\":\"show_text\",\"contents\":[ {\"translate\":\"mech.manual.app_base\"},{\"text\":\"\n\"},{\"translate\":\"mech.manual.app_base_desc\",\"color\":\"gray\"}]},\"clickEvent\":{\"action\":\"run_command\",\"value\":\"/trigger mech_manual set -1\"}},{\"text\":\"        \",\"hoverEvent\":{\"action\":\"show_text\",\"contents\":[ {\"translate\":\"mech.manual.app_machines\"},{\"text\":\"\n\"},{\"translate\":\"mech.manual.app_machines_desc\",\"color\":\"gray\"}]},\"clickEvent\":{\"action\":\"run_command\",\"value\":\"/trigger mech_manual set -2\"}},{\"text\":\"        \",\"hoverEvent\":{\"action\":\"show_text\",\"contents\":[ {\"translate\":\"mech.manual.app_nuclear\"},{\"text\":\"\n\"},{\"translate\":\"mech.manual.app_nuclear_desc\",\"color\":\"gray\"}]},\"clickEvent\":{\"action\":\"run_command\",\"value\":\"/trigger mech_manual set -3\"}},{\"text\":\"\n\"},{\"text\":\" \uee06\"},{\"translate\":\"offset.-1\",\"font\":\"space:default\",\"with\":[ {\"text\":\"\uee0b\",\"font\":\"mechanization:manual\",\"hoverEvent\":{\"action\":\"show_text\",\"contents\":[ {\"translate\":\"mech.manual.app_gadgets\"},{\"text\":\"\n\"},{\"translate\":\"mech.manual.app_gadgets_desc\",\"color\":\"gray\"}]},\"clickEvent\":{\"action\":\"run_command\",\"value\":\"/trigger mech_manual set -4\"}}]},{\"translate\":\"offset.-2\",\"font\":\"space:default\",\"with\":[ {\"text\":\"\uee0c\",\"font\":\"mechanization:manual\",\"hoverEvent\":{\"action\":\"show_text\",\"contents\":[ {\"translate\":\"mech.manual.app_assembly\"},{\"text\":\"\n\"},{\"translate\":\"mech.manual.app_assembly_desc\",\"color\":\"gray\"}]},\"clickEvent\":{\"action\":\"run_command\",\"value\":\"/trigger mech_manual set -5\"}}]},{\"translate\":\"offset.-3\",\"font\":\"space:default\",\"with\":[ {\"text\":\"\uee0d\",\"font\":\"mechanization:manual\",\"hoverEvent\":{\"action\":\"show_text\",\"contents\":[ {\"translate\":\"mech.manual.app_tcc\"},{\"text\":\"\n\"},{\"translate\":\"mech.manual.app_tcc_desc\",\"color\":\"gray\"}]},\"clickEvent\":{\"action\":\"run_command\",\"value\":\"/trigger mech_manual set -6\"}}]},{\"translate\":\"offset.-4\",\"font\":\"space:default\",\"with\":[ {\"text\":\"\uee07\",\"font\":\"mechanization:manual\"}]},{\"text\":\"\n  \"},{\"text\":\"        \",\"hoverEvent\":{\"action\":\"show_text\",\"contents\":[ {\"translate\":\"mech.manual.app_gadgets\"},{\"text\":\"\n\"},{\"translate\":\"mech.manual.app_gadgets_desc\",\"color\":\"gray\"}]},\"clickEvent\":{\"action\":\"run_command\",\"value\":\"/trigger mech_manual set -4\"}},{\"text\":\"        \",\"hoverEvent\":{\"action\":\"show_text\",\"contents\":[ {\"translate\":\"mech.manual.app_assembly\"},{\"text\":\"\n\"},{\"translate\":\"mech.manual.app_assembly_desc\",\"color\":\"gray\"}]},\"clickEvent\":{\"action\":\"run_command\",\"value\":\"/trigger mech_manual set -5\"}},{\"text\":\"        \",\"hoverEvent\":{\"action\":\"show_text\",\"contents\":[ {\"translate\":\"mech.manual.app_tcc\"},{\"text\":\"\n\"},{\"translate\":\"mech.manual.app_tcc_desc\",\"color\":\"gray\"}]},\"clickEvent\":{\"action\":\"run_command\",\"value\":\"/trigger mech_manual set -6\"}},{\"text\":\"\n  \"},{\"text\":\"        \",\"hoverEvent\":{\"action\":\"show_text\",\"contents\":[ {\"translate\":\"mech.manual.app_gadgets\"},{\"text\":\"\n\"},{\"translate\":\"mech.manual.app_gadgets_desc\",\"color\":\"gray\"}]},\"clickEvent\":{\"action\":\"run_command\",\"value\":\"/trigger mech_manual set -4\"}},{\"text\":\"        \",\"hoverEvent\":{\"action\":\"show_text\",\"contents\":[ {\"translate\":\"mech.manual.app_assembly\"},{\"text\":\"\n\"},{\"translate\":\"mech.manual.app_assembly_desc\",\"color\":\"gray\"}]},\"clickEvent\":{\"action\":\"run_command\",\"value\":\"/trigger mech_manual set -5\"}},{\"text\":\"        \",\"hoverEvent\":{\"action\":\"show_text\",\"contents\":[ {\"translate\":\"mech.manual.app_tcc\"},{\"text\":\"\n\"},{\"translate\":\"mech.manual.app_tcc_desc\",\"color\":\"gray\"}]},\"clickEvent\":{\"action\":\"run_command\",\"value\":\"/trigger mech_manual set -6\"}},{\"text\":\"\n\"},{\"text\":\" \uee06\"},{\"translate\":\"offset.-1\",\"font\":\"space:default\",\"with\":[ {\"text\":\"\uee16\",\"font\":\"mechanization:manual\",\"hoverEvent\":{\"action\":\"show_text\",\"contents\":[ {\"translate\":\"mech.manual.app_accessory_bag\"},{\"text\":\"\n\"},{\"translate\":\"mech.manual.app_accessory_bag_desc\",\"color\":\"gray\"}]},\"clickEvent\":{\"action\":\"run_command\",\"value\":\"/trigger mech_manual set -7\"}}]},{\"translate\":\"offset.-2\",\"font\":\"space:default\",\"with\":[ {\"text\":\"\uee07\",\"font\":\"mechanization:manual\"}]},{\"text\":\"\n  \"},{\"text\":\"        \",\"hoverEvent\":{\"action\":\"show_text\",\"contents\":[ {\"translate\":\"mech.manual.app_accessory_bag\"},{\"text\":\"\n\"},{\"translate\":\"mech.manual.app_accessory_bag_desc\",\"color\":\"gray\"}]},\"clickEvent\":{\"action\":\"run_command\",\"value\":\"/trigger mech_manual set -7\"}},{\"text\":\"\n  \"},{\"text\":\"        \",\"hoverEvent\":{\"action\":\"show_text\",\"contents\":[ {\"translate\":\"mech.manual.app_accessory_bag\"},{\"text\":\"\n\"},{\"translate\":\"mech.manual.app_accessory_bag_desc\",\"color\":\"gray\"}]},\"clickEvent\":{\"action\":\"run_command\",\"value\":\"/trigger mech_manual set -7\"}},{\"text\":\"\n\"}]','[{\"text\":\"\",\"font\":\"mechanization:manual\",\"color\":\"white\"},{\"text\":\"\uee05\"},{\"translate\":\"mech.manual.gadgets_section\",\"color\":\"dark_aqua\"},{\"text\":\"\n  \"},{\"text\":\"\uee12\"},{\"text\":\"\n\"},{\"text\":\"  \"},{\"text\":\"\uee10\"},{\"translate\":\"offset.-1\",\"font\":\"space:default\",\"with\":[ {\"text\":\"\uef3e\",\"font\":\"mechanization:manual\",\"hoverEvent\":{\"action\":\"show_text\",\"contents\":[ {\"translate\":\"mech.manual.tinker_table.title\"}]},\"clickEvent\":{\"action\":\"change_page\",\"value\":3}}]},{\"translate\":\"offset.-2\",\"font\":\"space:default\",\"with\":[ {\"text\":\"\uef3f\",\"font\":\"mechanization:manual\",\"hoverEvent\":{\"action\":\"show_text\",\"contents\":[ {\"translate\":\"mech.manual.charging_station.title\"}]},\"clickEvent\":{\"action\":\"change_page\",\"value\":4}}]},{\"translate\":\"offset.-3\",\"font\":\"space:default\",\"with\":[ {\"text\":\"\uef40\",\"font\":\"mechanization:manual\",\"hoverEvent\":{\"action\":\"show_text\",\"contents\":[ {\"translate\":\"mech.manual.portable_battery.title\"}]},\"clickEvent\":{\"action\":\"change_page\",\"value\":5}}]},{\"translate\":\"offset.-4\",\"font\":\"space:default\",\"with\":[ {\"text\":\"\uef41\",\"font\":\"mechanization:manual\",\"hoverEvent\":{\"action\":\"show_text\",\"contents\":[ {\"translate\":\"mech.manual.energy_saber.title\"}]},\"clickEvent\":{\"action\":\"change_page\",\"value\":6}}]},{\"translate\":\"offset.-5\",\"font\":\"space:default\",\"with\":[ {\"text\":\"\uef42\",\"font\":\"mechanization:manual\",\"hoverEvent\":{\"action\":\"show_text\",\"contents\":[ {\"translate\":\"mech.manual.drill.title\"}]},\"clickEvent\":{\"action\":\"change_page\",\"value\":9}}]},{\"translate\":\"offset.-8\",\"font\":\"space:default\",\"with\":[ {\"text\":\"\uee11\",\"font\":\"mechanization:manual\"}]},{\"text\":\"\n   \"},{\"translate\":\"offset.-1\",\"font\":\"space:default\",\"with\":[ {\"text\":\"\uee14\",\"font\":\"mechanization:manual\",\"hoverEvent\":{\"action\":\"show_text\",\"contents\":[ {\"translate\":\"mech.manual.tinker_table.title\"}]},\"clickEvent\":{\"action\":\"change_page\",\"value\":3}}]},{\"translate\":\"offset.-2\",\"font\":\"space:default\",\"with\":[ {\"text\":\"\uee14\",\"font\":\"mechanization:manual\",\"hoverEvent\":{\"action\":\"show_text\",\"contents\":[ {\"translate\":\"mech.manual.charging_station.title\"}]},\"clickEvent\":{\"action\":\"change_page\",\"value\":4}}]},{\"translate\":\"offset.-3\",\"font\":\"space:default\",\"with\":[ {\"text\":\"\uee14\",\"font\":\"mechanization:manual\",\"hoverEvent\":{\"action\":\"show_text\",\"contents\":[ {\"translate\":\"mech.manual.portable_battery.title\"}]},\"clickEvent\":{\"action\":\"change_page\",\"value\":5}}]},{\"translate\":\"offset.-4\",\"font\":\"space:default\",\"with\":[ {\"text\":\"\uee14\",\"font\":\"mechanization:manual\",\"hoverEvent\":{\"action\":\"show_text\",\"contents\":[ {\"translate\":\"mech.manual.energy_saber.title\"}]},\"clickEvent\":{\"action\":\"change_page\",\"value\":6}}]},{\"translate\":\"offset.-5\",\"font\":\"space:default\",\"with\":[ {\"text\":\"\uee14\",\"font\":\"mechanization:manual\",\"hoverEvent\":{\"action\":\"show_text\",\"contents\":[ {\"translate\":\"mech.manual.drill.title\"}]},\"clickEvent\":{\"action\":\"change_page\",\"value\":9}}]},{\"text\":\"\n  \"},{\"text\":\"\uee10\"},{\"translate\":\"offset.-1\",\"font\":\"space:default\",\"with\":[ {\"text\":\"\uef43\",\"font\":\"mechanization:manual\",\"hoverEvent\":{\"action\":\"show_text\",\"contents\":[ {\"translate\":\"mech.manual.modular_helmet.title\"}]},\"clickEvent\":{\"action\":\"change_page\",\"value\":12}}]},{\"translate\":\"offset.-2\",\"font\":\"space:default\",\"with\":[ {\"text\":\"\uef44\",\"font\":\"mechanization:manual\",\"hoverEvent\":{\"action\":\"show_text\",\"contents\":[ {\"translate\":\"mech.manual.modular_chestplate.title\"}]},\"clickEvent\":{\"action\":\"change_page\",\"value\":13}}]},{\"translate\":\"offset.-3\",\"font\":\"space:default\",\"with\":[ {\"text\":\"\uef45\",\"font\":\"mechanization:manual\",\"hoverEvent\":{\"action\":\"show_text\",\"contents\":[ {\"translate\":\"mech.manual.modular_leggings.title\"}]},\"clickEvent\":{\"action\":\"change_page\",\"value\":14}}]},{\"translate\":\"offset.-4\",\"font\":\"space:default\",\"with\":[ {\"text\":\"\uef46\",\"font\":\"mechanization:manual\",\"hoverEvent\":{\"action\":\"show_text\",\"contents\":[ {\"translate\":\"mech.manual.modular_boots.title\"}]},\"clickEvent\":{\"action\":\"change_page\",\"value\":15}}]},{\"translate\":\"offset.-5\",\"font\":\"space:default\",\"with\":[ {\"text\":\"\uef47\",\"font\":\"mechanization:manual\",\"hoverEvent\":{\"action\":\"show_text\",\"contents\":[ {\"translate\":\"mech.manual.plasma_weapon.title\"}]},\"clickEvent\":{\"action\":\"change_page\",\"value\":18}}]},{\"translate\":\"offset.-8\",\"font\":\"space:default\",\"with\":[ {\"text\":\"\uee11\",\"font\":\"mechanization:manual\"}]},{\"text\":\"\n   \"},{\"translate\":\"offset.-1\",\"font\":\"space:default\",\"with\":[ {\"text\":\"\uee14\",\"font\":\"mechanization:manual\",\"hoverEvent\":{\"action\":\"show_text\",\"contents\":[ {\"translate\":\"mech.manual.modular_helmet.title\"}]},\"clickEvent\":{\"action\":\"change_page\",\"value\":12}}]},{\"translate\":\"offset.-2\",\"font\":\"space:default\",\"with\":[ {\"text\":\"\uee14\",\"font\":\"mechanization:manual\",\"hoverEvent\":{\"action\":\"show_text\",\"contents\":[ {\"translate\":\"mech.manual.modular_chestplate.title\"}]},\"clickEvent\":{\"action\":\"change_page\",\"value\":13}}]},{\"translate\":\"offset.-3\",\"font\":\"space:default\",\"with\":[ {\"text\":\"\uee14\",\"font\":\"mechanization:manual\",\"hoverEvent\":{\"action\":\"show_text\",\"contents\":[ {\"translate\":\"mech.manual.modular_leggings.title\"}]},\"clickEvent\":{\"action\":\"change_page\",\"value\":14}}]},{\"translate\":\"offset.-4\",\"font\":\"space:default\",\"with\":[ {\"text\":\"\uee14\",\"font\":\"mechanization:manual\",\"hoverEvent\":{\"action\":\"show_text\",\"contents\":[ {\"translate\":\"mech.manual.modular_boots.title\"}]},\"clickEvent\":{\"action\":\"change_page\",\"value\":15}}]},{\"translate\":\"offset.-5\",\"font\":\"space:default\",\"with\":[ {\"text\":\"\uee14\",\"font\":\"mechanization:manual\",\"hoverEvent\":{\"action\":\"show_text\",\"contents\":[ {\"translate\":\"mech.manual.plasma_weapon.title\"}]},\"clickEvent\":{\"action\":\"change_page\",\"value\":18}}]},{\"text\":\"\n  \"},{\"text\":\"\uee10\"},{\"translate\":\"offset.-1\",\"font\":\"space:default\",\"with\":[ {\"text\":\"\uef48\",\"font\":\"mechanization:manual\",\"hoverEvent\":{\"action\":\"show_text\",\"contents\":[ {\"translate\":\"mech.manual.rebreather.title\"}]},\"clickEvent\":{\"action\":\"change_page\",\"value\":19}}]},{\"translate\":\"offset.-2\",\"font\":\"space:default\",\"with\":[ {\"text\":\"\uef49\",\"font\":\"mechanization:manual\",\"hoverEvent\":{\"action\":\"show_text\",\"contents\":[ {\"translate\":\"mech.manual.night_vision_goggles.title\"}]},\"clickEvent\":{\"action\":\"change_page\",\"value\":20}}]},{\"translate\":\"offset.-3\",\"font\":\"space:default\",\"with\":[ {\"text\":\"\uef4a\",\"font\":\"mechanization:manual\",\"hoverEvent\":{\"action\":\"show_text\",\"contents\":[ {\"translate\":\"mech.manual.hover_boots.title\"}]},\"clickEvent\":{\"action\":\"change_page\",\"value\":21}}]},{\"translate\":\"offset.-4\",\"font\":\"space:default\",\"with\":[ {\"text\":\"\uef4b\",\"font\":\"mechanization:manual\",\"hoverEvent\":{\"action\":\"show_text\",\"contents\":[ {\"translate\":\"mech.manual.phase_boots.title\"}]},\"clickEvent\":{\"action\":\"change_page\",\"value\":22}}]},{\"translate\":\"offset.-5\",\"font\":\"space:default\",\"with\":[ {\"text\":\"\uef4c\",\"font\":\"mechanization:manual\",\"hoverEvent\":{\"action\":\"show_text\",\"contents\":[ {\"translate\":\"mech.manual.jetpack.title\"}]},\"clickEvent\":{\"action\":\"change_page\",\"value\":23}}]},{\"translate\":\"offset.-8\",\"font\":\"space:default\",\"with\":[ {\"text\":\"\uee11\",\"font\":\"mechanization:manual\"}]},{\"text\":\"\n   \"},{\"translate\":\"offset.-1\",\"font\":\"space:default\",\"with\":[ {\"text\":\"\uee14\",\"font\":\"mechanization:manual\",\"hoverEvent\":{\"action\":\"show_text\",\"contents\":[ {\"translate\":\"mech.manual.rebreather.title\"}]},\"clickEvent\":{\"action\":\"change_page\",\"value\":19}}]},{\"translate\":\"offset.-2\",\"font\":\"space:default\",\"with\":[ {\"text\":\"\uee14\",\"font\":\"mechanization:manual\",\"hoverEvent\":{\"action\":\"show_text\",\"contents\":[ {\"translate\":\"mech.manual.night_vision_goggles.title\"}]},\"clickEvent\":{\"action\":\"change_page\",\"value\":20}}]},{\"translate\":\"offset.-3\",\"font\":\"space:default\",\"with\":[ {\"text\":\"\uee14\",\"font\":\"mechanization:manual\",\"hoverEvent\":{\"action\":\"show_text\",\"contents\":[ {\"translate\":\"mech.manual.hover_boots.title\"}]},\"clickEvent\":{\"action\":\"change_page\",\"value\":21}}]},{\"translate\":\"offset.-4\",\"font\":\"space:default\",\"with\":[ {\"text\":\"\uee14\",\"font\":\"mechanization:manual\",\"hoverEvent\":{\"action\":\"show_text\",\"contents\":[ {\"translate\":\"mech.manual.phase_boots.title\"}]},\"clickEvent\":{\"action\":\"change_page\",\"value\":22}}]},{\"translate\":\"offset.-5\",\"font\":\"space:default\",\"with\":[ {\"text\":\"\uee14\",\"font\":\"mechanization:manual\",\"hoverEvent\":{\"action\":\"show_text\",\"contents\":[ {\"translate\":\"mech.manual.jetpack.title\"}]},\"clickEvent\":{\"action\":\"change_page\",\"value\":23}}]},{\"text\":\"\n  \"},{\"text\":\"\uee10\"},{\"translate\":\"offset.-1\",\"font\":\"space:default\",\"with\":[ {\"text\":\"\uef4d\",\"font\":\"mechanization:manual\",\"hoverEvent\":{\"action\":\"show_text\",\"contents\":[ {\"translate\":\"mech.manual.energized_heat_sink.title\"}]},\"clickEvent\":{\"action\":\"change_page\",\"value\":24}}]},{\"translate\":\"offset.-2\",\"font\":\"space:default\",\"with\":[ {\"text\":\"\uef4e\",\"font\":\"mechanization:manual\",\"hoverEvent\":{\"action\":\"show_text\",\"contents\":[ {\"translate\":\"mech.manual.supercharged_chamber.title\"}]},\"clickEvent\":{\"action\":\"change_page\",\"value\":25}}]},{\"translate\":\"offset.-3\",\"font\":\"space:default\",\"with\":[ {\"text\":\"\uef4f\",\"font\":\"mechanization:manual\",\"hoverEvent\":{\"action\":\"show_text\",\"contents\":[ {\"translate\":\"mech.manual.high_pressure_pump.title\"}]},\"clickEvent\":{\"action\":\"change_page\",\"value\":26}}]},{\"translate\":\"offset.-4\",\"font\":\"space:default\",\"with\":[ {\"text\":\"\uef50\",\"font\":\"mechanization:manual\",\"hoverEvent\":{\"action\":\"show_text\",\"contents\":[ {\"translate\":\"mech.manual.long_barrel.title\"}]},\"clickEvent\":{\"action\":\"change_page\",\"value\":27}}]},{\"translate\":\"offset.-5\",\"font\":\"space:default\",\"with\":[ {\"text\":\"\uee15\",\"font\":\"mechanization:manual\",\"hoverEvent\":{\"action\":\"show_text\",\"contents\":[ {\"translate\":\"mech.manual..title\"}]},\"clickEvent\":{\"action\":\"change_page\",\"value\":28}}]},{\"translate\":\"offset.-8\",\"font\":\"space:default\",\"with\":[ {\"text\":\"\uee11\",\"font\":\"mechanization:manual\"}]},{\"text\":\"\n   \"},{\"translate\":\"offset.-1\",\"font\":\"space:default\",\"with\":[ {\"text\":\"\uee14\",\"font\":\"mechanization:manual\",\"hoverEvent\":{\"action\":\"show_text\",\"contents\":[ {\"translate\":\"mech.manual.energized_heat_sink.title\"}]},\"clickEvent\":{\"action\":\"change_page\",\"value\":24}}]},{\"translate\":\"offset.-2\",\"font\":\"space:default\",\"with\":[ {\"text\":\"\uee14\",\"font\":\"mechanization:manual\",\"hoverEvent\":{\"action\":\"show_text\",\"contents\":[ {\"translate\":\"mech.manual.supercharged_chamber.title\"}]},\"clickEvent\":{\"action\":\"change_page\",\"value\":25}}]},{\"translate\":\"offset.-3\",\"font\":\"space:default\",\"with\":[ {\"text\":\"\uee14\",\"font\":\"mechanization:manual\",\"hoverEvent\":{\"action\":\"show_text\",\"contents\":[ {\"translate\":\"mech.manual.high_pressure_pump.title\"}]},\"clickEvent\":{\"action\":\"change_page\",\"value\":26}}]},{\"translate\":\"offset.-4\",\"font\":\"space:default\",\"with\":[ {\"text\":\"\uee14\",\"font\":\"mechanization:manual\",\"hoverEvent\":{\"action\":\"show_text\",\"contents\":[ {\"translate\":\"mech.manual.long_barrel.title\"}]},\"clickEvent\":{\"action\":\"change_page\",\"value\":27}}]},{\"translate\":\"offset.-5\",\"font\":\"space:default\",\"with\":[ {\"text\":\"\uee14\",\"font\":\"mechanization:manual\",\"hoverEvent\":{\"action\":\"show_text\",\"contents\":[ {\"translate\":\"mech.manual..title\"}]},\"clickEvent\":{\"action\":\"change_page\",\"value\":28}}]},{\"text\":\"\n  \"},{\"text\":\"\uee10\"},{\"translate\":\"offset.-1\",\"font\":\"space:default\",\"with\":[ {\"text\":\"\uef51\",\"font\":\"mechanization:manual\",\"hoverEvent\":{\"action\":\"show_text\",\"contents\":[ {\"translate\":\"mech.manual.passive_heat_sink.title\"}]},\"clickEvent\":{\"action\":\"change_page\",\"value\":29}}]},{\"translate\":\"offset.-2\",\"font\":\"space:default\",\"with\":[ {\"text\":\"\uef52\",\"font\":\"mechanization:manual\",\"hoverEvent\":{\"action\":\"show_text\",\"contents\":[ {\"translate\":\"mech.manual.overclocked_chamber.title\"}]},\"clickEvent\":{\"action\":\"change_page\",\"value\":30}}]},{\"translate\":\"offset.-3\",\"font\":\"space:default\",\"with\":[ {\"text\":\"\uef53\",\"font\":\"mechanization:manual\",\"hoverEvent\":{\"action\":\"show_text\",\"contents\":[ {\"translate\":\"mech.manual.accelerated_pump.title\"}]},\"clickEvent\":{\"action\":\"change_page\",\"value\":31}}]},{\"translate\":\"offset.-4\",\"font\":\"space:default\",\"with\":[ {\"text\":\"\uef54\",\"font\":\"mechanization:manual\",\"hoverEvent\":{\"action\":\"show_text\",\"contents\":[ {\"translate\":\"mech.manual.split_barrel.title\"}]},\"clickEvent\":{\"action\":\"change_page\",\"value\":32}}]},{\"translate\":\"offset.-5\",\"font\":\"space:default\",\"with\":[ {\"text\":\"\uee15\",\"font\":\"mechanization:manual\"}]},{\"translate\":\"offset.-8\",\"font\":\"space:default\",\"with\":[ {\"text\":\"\uee11\",\"font\":\"mechanization:manual\"}]},{\"text\":\"\n   \"},{\"translate\":\"offset.-1\",\"font\":\"space:default\",\"with\":[ {\"text\":\"\uee14\",\"font\":\"mechanization:manual\",\"hoverEvent\":{\"action\":\"show_text\",\"contents\":[ {\"translate\":\"mech.manual.passive_heat_sink.title\"}]},\"clickEvent\":{\"action\":\"change_page\",\"value\":29}}]},{\"translate\":\"offset.-2\",\"font\":\"space:default\",\"with\":[ {\"text\":\"\uee14\",\"font\":\"mechanization:manual\",\"hoverEvent\":{\"action\":\"show_text\",\"contents\":[ {\"translate\":\"mech.manual.overclocked_chamber.title\"}]},\"clickEvent\":{\"action\":\"change_page\",\"value\":30}}]},{\"translate\":\"offset.-3\",\"font\":\"space:default\",\"with\":[ {\"text\":\"\uee14\",\"font\":\"mechanization:manual\",\"hoverEvent\":{\"action\":\"show_text\",\"contents\":[ {\"translate\":\"mech.manual.accelerated_pump.title\"}]},\"clickEvent\":{\"action\":\"change_page\",\"value\":31}}]},{\"translate\":\"offset.-4\",\"font\":\"space:default\",\"with\":[ {\"text\":\"\uee14\",\"font\":\"mechanization:manual\",\"hoverEvent\":{\"action\":\"show_text\",\"contents\":[ {\"translate\":\"mech.manual.split_barrel.title\"}]},\"clickEvent\":{\"action\":\"change_page\",\"value\":32}}]},{\"text\":\"\n  \"},{\"text\":\"\uee13\"}]','[{\"text\":\"\",\"bold\":false,\"font\":\"mechanization:manual\",\"color\":\"white\"},{\"text\":\"\uee03\",\"hoverEvent\":{\"action\":\"show_text\",\"contents\":[ {\"translate\":\"mech.manual.recipe\"},{\"text\":\"\uef56\",\"font\":\"mechanization:manual\"},{\"translate\":\"offset.-2\",\"font\":\"space:default\",\"with\":[ {\"text\":\"\uef57\",\"font\":\"mechanization:manual\"}]},{\"text\":\"\n\n\n\n\n\n\"},{\"text\":\"\n x3 \"},{\"translate\":\"block.minecraft.lime_stained_glass\"},{\"text\":\"\n x2 \"},{\"translate\":\"item.minecraft.diamond\"},{\"text\":\"\n x2 \"},{\"translate\":\"mech.gear.copper\"},{\"text\":\"\n x1 \"},{\"translate\":\"mech.ingot.titanium\"},{\"text\":\"\n x1 \"},{\"translate\":\"mech.resource.machine_frame_tier_1\"}]},\"clickEvent\":{\"action\":\"run_command\",\"value\":\"/trigger mech_manual set 4001\"}},{\"translate\":\"offset.-105\",\"font\":\"space:default\",\"with\":[ {\"text\":\"\uef55\",\"font\":\"mechanization:manual\"}]},{\"translate\":\"offset.47\",\"font\":\"space:default\",\"with\":[ {\"text\":\"\uee04\",\"font\":\"mechanization:manual\"}]},{\"text\":\"\n\"},{\"translate\":\"mech.manual.tinker_table.body\",\"color\":\"black\"},{\"text\":\"           \"},{\"text\":\"\uee0e\",\"clickEvent\":{\"action\":\"change_page\",\"value\":2}}]','[{\"text\":\"\",\"bold\":false,\"font\":\"mechanization:manual\",\"color\":\"white\"},{\"text\":\"\uee03\",\"hoverEvent\":{\"action\":\"show_text\",\"contents\":[ {\"translate\":\"mech.manual.recipe\"},{\"text\":\"\uef95\",\"font\":\"mechanization:manual\"},{\"translate\":\"offset.-2\",\"font\":\"space:default\",\"with\":[ {\"text\":\"\uef96\",\"font\":\"mechanization:manual\"}]},{\"text\":\"\n\n\n\n\n\n\"},{\"text\":\"\n x4 \"},{\"translate\":\"mech.ingot.steel\"},{\"text\":\"\n x2 \"},{\"translate\":\"block.minecraft.glass\"},{\"text\":\"\n x1 \"},{\"translate\":\"mech.gem.crystal_composite\"},{\"text\":\"\n x1 \"},{\"translate\":\"mech.gear.conductive\"},{\"text\":\"\n x1 \"},{\"translate\":\"mech.resource.machine_frame_tier_2\"}]},\"clickEvent\":{\"action\":\"run_command\",\"value\":\"/trigger mech_manual set 4000\"}},{\"translate\":\"offset.-105\",\"font\":\"space:default\",\"with\":[ {\"text\":\"\uef94\",\"font\":\"mechanization:manual\"}]},{\"translate\":\"offset.47\",\"font\":\"space:default\",\"with\":[ {\"text\":\"\uee04\",\"font\":\"mechanization:manual\"}]},{\"text\":\"\n\"},{\"translate\":\"mech.manual.charging_station.body\",\"color\":\"black\"},{\"text\":\"           \"},{\"text\":\"\uee0e\",\"clickEvent\":{\"action\":\"change_page\",\"value\":2}}]','[{\"text\":\"\",\"bold\":false,\"font\":\"mechanization:manual\",\"color\":\"white\"},{\"text\":\"\uee03\",\"hoverEvent\":{\"action\":\"show_text\",\"contents\":[ {\"translate\":\"mech.manual.recipe\"},{\"text\":\"\uef59\",\"font\":\"mechanization:manual\"},{\"translate\":\"offset.-2\",\"font\":\"space:default\",\"with\":[ {\"text\":\"\uef5a\",\"font\":\"mechanization:manual\"}]},{\"text\":\"\n\n\n\n\n\n\"},{\"text\":\"\n x6 \"},{\"translate\":\"mech.ingot.tin\"},{\"text\":\"\n x2 \"},{\"translate\":\"mech.rod.conductive\"},{\"text\":\"\n x1 \"},{\"translate\":\"mech.gear.redstone\"}]},\"clickEvent\":{\"action\":\"run_command\",\"value\":\"/trigger mech_manual set 4110\"}},{\"translate\":\"offset.-105\",\"font\":\"space:default\",\"with\":[ {\"text\":\"\uef58\",\"font\":\"mechanization:manual\"}]},{\"translate\":\"offset.47\",\"font\":\"space:default\",\"with\":[ {\"text\":\"\uee04\",\"font\":\"mechanization:manual\"}]},{\"text\":\"\n\"},{\"translate\":\"mech.manual.portable_battery.body\",\"color\":\"black\"},{\"text\":\"           \"},{\"text\":\"\uee0e\",\"clickEvent\":{\"action\":\"change_page\",\"value\":2}}]','[{\"text\":\"\",\"bold\":false,\"font\":\"mechanization:manual\",\"color\":\"white\"},{\"text\":\"\uee03\",\"hoverEvent\":{\"action\":\"show_text\",\"contents\":[ {\"translate\":\"mech.manual.recipe\"},{\"text\":\"\uef5c\",\"font\":\"mechanization:manual\"},{\"translate\":\"offset.-2\",\"font\":\"space:default\",\"with\":[ {\"text\":\"\uef5d\",\"font\":\"mechanization:manual\"}]},{\"text\":\"\n\n\n\n\n\n\"},{\"text\":\"\n x2 \"},{\"translate\":\"mech.rod.copper\"},{\"text\":\"\n x1 \"},{\"translate\":\"mech.ingot.titanium\"},{\"text\":\"\n x1 \"},{\"translate\":\"mech.gear.iron\"},{\"text\":\"\n x1 \"},{\"translate\":\"item.minecraft.diamond\"}]},\"clickEvent\":{\"action\":\"run_command\",\"value\":\"/trigger mech_manual set 4100\"}},{\"translate\":\"offset.-105\",\"font\":\"space:default\",\"with\":[ {\"text\":\"\uef5b\",\"font\":\"mechanization:manual\"}]},{\"translate\":\"offset.47\",\"font\":\"space:default\",\"with\":[ {\"text\":\"\uee04\",\"font\":\"mechanization:manual\"}]},{\"text\":\"\n\"},{\"translate\":\"mech.manual.energy_saber.body\",\"color\":\"black\"},{\"text\":\"           \"},{\"text\":\"\uee0e\",\"clickEvent\":{\"action\":\"change_page\",\"value\":2}}]','[{\"text\":\"\",\"bold\":false,\"font\":\"mechanization:manual\",\"color\":\"black\"},{\"translate\":\"mech.manual.energy_saber_effects.title\",\"color\":\"dark_aqua\"},{\"text\":\"\n\"},{\"translate\":\"mech.manual.energy_saber_effects.body1\"}]','[{\"text\":\"\",\"bold\":false,\"font\":\"mechanization:manual\",\"color\":\"black\"},{\"translate\":\"mech.manual.energy_saber_effects.body2\"}]','[{\"text\":\"\",\"bold\":false,\"font\":\"mechanization:manual\",\"color\":\"white\"},{\"text\":\"\uee03\",\"hoverEvent\":{\"action\":\"show_text\",\"contents\":[ {\"translate\":\"mech.manual.recipe\"},{\"text\":\"\uef5f\",\"font\":\"mechanization:manual\"},{\"translate\":\"offset.-2\",\"font\":\"space:default\",\"with\":[ {\"text\":\"\uef60\",\"font\":\"mechanization:manual\"}]},{\"text\":\"\n\n\n\n\n\n\"},{\"text\":\"\n x3 \"},{\"translate\":\"mech.rod.copper\"},{\"text\":\"\n x2 \"},{\"translate\":\"mech.ingot.tin\"},{\"text\":\"\n x1 \"},{\"translate\":\"mech.ingot.titanium\"},{\"text\":\"\n x1 \"},{\"translate\":\"mech.gear.iron\"}]},\"clickEvent\":{\"action\":\"run_command\",\"value\":\"/trigger mech_manual set 4101\"}},{\"translate\":\"offset.-105\",\"font\":\"space:default\",\"with\":[ {\"text\":\"\uef5e\",\"font\":\"mechanization:manual\"}]},{\"translate\":\"offset.47\",\"font\":\"space:default\",\"with\":[ {\"text\":\"\uee04\",\"font\":\"mechanization:manual\"}]},{\"text\":\"\n\"},{\"translate\":\"mech.manual.drill.body\",\"color\":\"black\"},{\"text\":\"           \"},{\"text\":\"\uee0e\",\"clickEvent\":{\"action\":\"change_page\",\"value\":2}}]','[{\"text\":\"\",\"bold\":false,\"font\":\"mechanization:manual\",\"color\":\"black\"},{\"translate\":\"mech.manual.drill_effects.title\",\"color\":\"dark_aqua\"},{\"text\":\"\n\"},{\"translate\":\"mech.manual.drill_effects.body1\"}]','[{\"text\":\"\",\"bold\":false,\"font\":\"mechanization:manual\",\"color\":\"black\"},{\"translate\":\"mech.manual.drill_effects.body2\"}]','[{\"text\":\"\",\"bold\":false,\"font\":\"mechanization:manual\",\"color\":\"white\"},{\"text\":\"\uee03\",\"hoverEvent\":{\"action\":\"show_text\",\"contents\":[ {\"translate\":\"mech.manual.recipe\"},{\"text\":\"\uef62\",\"font\":\"mechanization:manual\"},{\"translate\":\"offset.-2\",\"font\":\"space:default\",\"with\":[ {\"text\":\"\uef63\",\"font\":\"mechanization:manual\"}]},{\"text\":\"\n\n\n\n\n\n\"},{\"text\":\"\n x2 \"},{\"translate\":\"mech.gear.copper\"},{\"text\":\"\n x2 \"},{\"translate\":\"mech.plate.iron\"},{\"text\":\"\n x1 \"},{\"translate\":\"mech.ingot.titanium\"}]},\"clickEvent\":{\"action\":\"run_command\",\"value\":\"/trigger mech_manual set 4106\"}},{\"translate\":\"offset.-105\",\"font\":\"space:default\",\"with\":[ {\"text\":\"\uef61\",\"font\":\"mechanization:manual\"}]},{\"translate\":\"offset.47\",\"font\":\"space:default\",\"with\":[ {\"text\":\"\uee04\",\"font\":\"mechanization:manual\"}]},{\"text\":\"\n\"},{\"translate\":\"mech.manual.modular_helmet.body\",\"color\":\"black\"},{\"text\":\"           \"},{\"text\":\"\uee0e\",\"clickEvent\":{\"action\":\"change_page\",\"value\":2}}]','[{\"text\":\"\",\"bold\":false,\"font\":\"mechanization:manual\",\"color\":\"white\"},{\"text\":\"\uee03\",\"hoverEvent\":{\"action\":\"show_text\",\"contents\":[ {\"translate\":\"mech.manual.recipe\"},{\"text\":\"\uef65\",\"font\":\"mechanization:manual\"},{\"translate\":\"offset.-2\",\"font\":\"space:default\",\"with\":[ {\"text\":\"\uef66\",\"font\":\"mechanization:manual\"}]},{\"text\":\"\n\n\n\n\n\n\"},{\"text\":\"\n x4 \"},{\"translate\":\"item.minecraft.iron_ingot\"},{\"text\":\"\n x2 \"},{\"translate\":\"mech.rod.copper\"},{\"text\":\"\n x1 \"},{\"translate\":\"mech.plate.tin\"},{\"text\":\"\n x1 \"},{\"translate\":\"mech.ingot.titanium\"}]},\"clickEvent\":{\"action\":\"run_command\",\"value\":\"/trigger mech_manual set 4107\"}},{\"translate\":\"offset.-105\",\"font\":\"space:default\",\"with\":[ {\"text\":\"\uef64\",\"font\":\"mechanization:manual\"}]},{\"translate\":\"offset.47\",\"font\":\"space:default\",\"with\":[ {\"text\":\"\uee04\",\"font\":\"mechanization:manual\"}]},{\"text\":\"\n\"},{\"translate\":\"mech.manual.modular_chestplate.body\",\"color\":\"black\"},{\"text\":\"           \"},{\"text\":\"\uee0e\",\"clickEvent\":{\"action\":\"change_page\",\"value\":2}}]','[{\"text\":\"\",\"bold\":false,\"font\":\"mechanization:manual\",\"color\":\"white\"},{\"text\":\"\uee03\",\"hoverEvent\":{\"action\":\"show_text\",\"contents\":[ {\"translate\":\"mech.manual.recipe\"},{\"text\":\"\uef68\",\"font\":\"mechanization:manual\"},{\"translate\":\"offset.-2\",\"font\":\"space:default\",\"with\":[ {\"text\":\"\uef69\",\"font\":\"mechanization:manual\"}]},{\"text\":\"\n\n\n\n\n\n\"},{\"text\":\"\n x2 \"},{\"translate\":\"mech.gear.tin\"},{\"text\":\"\n x2 \"},{\"translate\":\"mech.rod.copper\"},{\"text\":\"\n x2 \"},{\"translate\":\"mech.plate.iron\"},{\"text\":\"\n x1 \"},{\"translate\":\"mech.ingot.titanium\"}]},\"clickEvent\":{\"action\":\"run_command\",\"value\":\"/trigger mech_manual set 4108\"}},{\"translate\":\"offset.-105\",\"font\":\"space:default\",\"with\":[ {\"text\":\"\uef67\",\"font\":\"mechanization:manual\"}]},{\"translate\":\"offset.47\",\"font\":\"space:default\",\"with\":[ {\"text\":\"\uee04\",\"font\":\"mechanization:manual\"}]},{\"text\":\"\n\"},{\"translate\":\"mech.manual.modular_leggings.body\",\"color\":\"black\"},{\"text\":\"           \"},{\"text\":\"\uee0e\",\"clickEvent\":{\"action\":\"change_page\",\"value\":2}}]','[{\"text\":\"\",\"bold\":false,\"font\":\"mechanization:manual\",\"color\":\"white\"},{\"text\":\"\uee03\",\"hoverEvent\":{\"action\":\"show_text\",\"contents\":[ {\"translate\":\"mech.manual.recipe\"},{\"text\":\"\uef6b\",\"font\":\"mechanization:manual\"},{\"translate\":\"offset.-2\",\"font\":\"space:default\",\"with\":[ {\"text\":\"\uef6c\",\"font\":\"mechanization:manual\"}]},{\"text\":\"\n\n\n\n\n\n\"},{\"text\":\"\n x2 \"},{\"translate\":\"mech.rod.iron\"},{\"text\":\"\n x2 \"},{\"translate\":\"mech.plate.tin\"},{\"text\":\"\n x1 \"},{\"translate\":\"mech.ingot.titanium\"}]},\"clickEvent\":{\"action\":\"run_command\",\"value\":\"/trigger mech_manual set 4109\"}},{\"translate\":\"offset.-105\",\"font\":\"space:default\",\"with\":[ {\"text\":\"\uef6a\",\"font\":\"mechanization:manual\"}]},{\"translate\":\"offset.47\",\"font\":\"space:default\",\"with\":[ {\"text\":\"\uee04\",\"font\":\"mechanization:manual\"}]},{\"text\":\"\n\"},{\"translate\":\"mech.manual.modular_boots.body\",\"color\":\"black\"},{\"text\":\"           \"},{\"text\":\"\uee0e\",\"clickEvent\":{\"action\":\"change_page\",\"value\":2}}]','[{\"text\":\"\",\"bold\":false,\"font\":\"mechanization:manual\",\"color\":\"black\"},{\"translate\":\"mech.manual.armor_effects.title\",\"color\":\"dark_aqua\"},{\"text\":\"\n\"},{\"translate\":\"mech.manual.armor_effects.body1\"}]','[{\"text\":\"\",\"bold\":false,\"font\":\"mechanization:manual\",\"color\":\"black\"},{\"translate\":\"mech.manual.armor_effects.body2\"}]','[{\"text\":\"\",\"bold\":false,\"font\":\"mechanization:manual\",\"color\":\"white\"},{\"text\":\"\uee03\",\"hoverEvent\":{\"action\":\"show_text\",\"contents\":[ {\"translate\":\"mech.manual.recipe\"},{\"text\":\"\uef6e\",\"font\":\"mechanization:manual\"},{\"translate\":\"offset.-2\",\"font\":\"space:default\",\"with\":[ {\"text\":\"\uef6f\",\"font\":\"mechanization:manual\"}]},{\"text\":\"\n\n\n\n\n\n\"},{\"text\":\"\n x4 \"},{\"translate\":\"mech.ingot.titanium_steel\"},{\"text\":\"\n x2 \"},{\"translate\":\"mech.rod.super_conductive\"},{\"text\":\"\n x1 \"},{\"translate\":\"mech.plate.reinforced_structural\"}]},\"clickEvent\":{\"action\":\"run_command\",\"value\":\"/trigger mech_manual set 4102\"}},{\"translate\":\"offset.-105\",\"font\":\"space:default\",\"with\":[ {\"text\":\"\uef6d\",\"font\":\"mechanization:manual\"}]},{\"translate\":\"offset.47\",\"font\":\"space:default\",\"with\":[ {\"text\":\"\uee04\",\"font\":\"mechanization:manual\"}]},{\"text\":\"\n\"},{\"translate\":\"mech.manual.plasma_weapon.body\",\"color\":\"black\"},{\"text\":\"           \"},{\"text\":\"\uee0e\",\"clickEvent\":{\"action\":\"change_page\",\"value\":2}}]','[{\"text\":\"\",\"bold\":false,\"font\":\"mechanization:manual\",\"color\":\"white\"},{\"text\":\"\uee03\",\"hoverEvent\":{\"action\":\"show_text\",\"contents\":[ {\"translate\":\"mech.manual.recipe\"},{\"text\":\"\uef71\",\"font\":\"mechanization:manual\"},{\"translate\":\"offset.-2\",\"font\":\"space:default\",\"with\":[ {\"text\":\"\uef72\",\"font\":\"mechanization:manual\"}]},{\"text\":\"\n\n\n\n\n\n\"},{\"text\":\"\n x2 \"},{\"translate\":\"mech.rod.structural\"},{\"text\":\"\n x2 \"},{\"translate\":\"mech.plate.steel\"},{\"text\":\"\n x1 \"},{\"translate\":\"mech.gear.conductive\"},{\"text\":\"\n x1 \"},{\"translate\":\"item.minecraft.turtle_helmet\"},{\"text\":\"\n x1 \"},{\"translate\":\"block.minecraft.glass\"}]},\"clickEvent\":{\"action\":\"run_command\",\"value\":\"/trigger mech_manual set 4112\"}},{\"translate\":\"offset.-105\",\"font\":\"space:default\",\"with\":[ {\"text\":\"\uef70\",\"font\":\"mechanization:manual\"}]},{\"translate\":\"offset.47\",\"font\":\"space:default\",\"with\":[ {\"text\":\"\uee04\",\"font\":\"mechanization:manual\"}]},{\"text\":\"\n\"},{\"translate\":\"mech.manual.rebreather.body\",\"color\":\"black\"},{\"text\":\"           \"},{\"text\":\"\uee0e\",\"clickEvent\":{\"action\":\"change_page\",\"value\":2}}]','[{\"text\":\"\",\"bold\":false,\"font\":\"mechanization:manual\",\"color\":\"white\"},{\"text\":\"\uee03\",\"hoverEvent\":{\"action\":\"show_text\",\"contents\":[ {\"translate\":\"mech.manual.recipe\"},{\"text\":\"\uef74\",\"font\":\"mechanization:manual\"},{\"translate\":\"offset.-2\",\"font\":\"space:default\",\"with\":[ {\"text\":\"\uef75\",\"font\":\"mechanization:manual\"}]},{\"text\":\"\n\n\n\n\n\n\"},{\"text\":\"\n x2 \"},{\"translate\":\"mech.rod.conductive\"},{\"text\":\"\n x2 \"},{\"translate\":\"mech.plate.steel\"},{\"text\":\"\n x1 \"},{\"translate\":\"mech.gear.structural\"},{\"text\":\"\n x1 \"},{\"translate\":\"item.minecraft.iron_helmet\"},{\"text\":\"\n x1 \"},{\"translate\":\"block.minecraft.lime_stained_glass\"}]},\"clickEvent\":{\"action\":\"run_command\",\"value\":\"/trigger mech_manual set 4113\"}},{\"translate\":\"offset.-105\",\"font\":\"space:default\",\"with\":[ {\"text\":\"\uef73\",\"font\":\"mechanization:manual\"}]},{\"translate\":\"offset.47\",\"font\":\"space:default\",\"with\":[ {\"text\":\"\uee04\",\"font\":\"mechanization:manual\"}]},{\"text\":\"\n\"},{\"translate\":\"mech.manual.night_vision_goggles.body\",\"color\":\"black\"},{\"text\":\"           \"},{\"text\":\"\uee0e\",\"clickEvent\":{\"action\":\"change_page\",\"value\":2}}]','[{\"text\":\"\",\"bold\":false,\"font\":\"mechanization:manual\",\"color\":\"white\"},{\"text\":\"\uee03\",\"hoverEvent\":{\"action\":\"show_text\",\"contents\":[ {\"translate\":\"mech.manual.recipe\"},{\"text\":\"\uef77\",\"font\":\"mechanization:manual\"},{\"translate\":\"offset.-2\",\"font\":\"space:default\",\"with\":[ {\"text\":\"\uef78\",\"font\":\"mechanization:manual\"}]},{\"text\":\"\n\n\n\n\n\n\"},{\"text\":\"\n x2 \"},{\"translate\":\"mech.plate.steel\"},{\"text\":\"\n x2 \"},{\"translate\":\"item.minecraft.phantom_membrane\"},{\"text\":\"\n x1 \"},{\"translate\":\"mech.gear.conductive\"},{\"text\":\"\n x1 \"},{\"translate\":\"mech.gear.structural\"},{\"text\":\"\n x1 \"},{\"translate\":\"item.minecraft.iron_boots\"}]},\"clickEvent\":{\"action\":\"run_command\",\"value\":\"/trigger mech_manual set 4114\"}},{\"translate\":\"offset.-105\",\"font\":\"space:default\",\"with\":[ {\"text\":\"\uef76\",\"font\":\"mechanization:manual\"}]},{\"translate\":\"offset.47\",\"font\":\"space:default\",\"with\":[ {\"text\":\"\uee04\",\"font\":\"mechanization:manual\"}]},{\"text\":\"\n\"},{\"translate\":\"mech.manual.hover_boots.body\",\"color\":\"black\"},{\"text\":\"           \"},{\"text\":\"\uee0e\",\"clickEvent\":{\"action\":\"change_page\",\"value\":2}}]','[{\"text\":\"\",\"bold\":false,\"font\":\"mechanization:manual\",\"color\":\"white\"},{\"text\":\"\uee03\",\"hoverEvent\":{\"action\":\"show_text\",\"contents\":[ {\"translate\":\"mech.manual.recipe\"},{\"text\":\"\uef7a\",\"font\":\"mechanization:manual\"},{\"translate\":\"offset.-2\",\"font\":\"space:default\",\"with\":[ {\"text\":\"\uef7b\",\"font\":\"mechanization:manual\"}]},{\"text\":\"\n\n\n\n\n\n\"},{\"text\":\"\n x2 \"},{\"translate\":\"mech.ingot.ender_alloy\"},{\"text\":\"\n x2 \"},{\"translate\":\"mech.rod.reinforced_structural\"},{\"text\":\"\n x1 \"},{\"translate\":\"mech.plate.titanium_steel\"},{\"text\":\"\n x1 \"},{\"translate\":\"mech.gear.super_conductive\"},{\"text\":\"\n x1 \"},{\"translate\":\"item.minecraft.iron_boots\"}]},\"clickEvent\":{\"action\":\"run_command\",\"value\":\"/trigger mech_manual set 4115\"}},{\"translate\":\"offset.-105\",\"font\":\"space:default\",\"with\":[ {\"text\":\"\uef79\",\"font\":\"mechanization:manual\"}]},{\"translate\":\"offset.47\",\"font\":\"space:default\",\"with\":[ {\"text\":\"\uee04\",\"font\":\"mechanization:manual\"}]},{\"text\":\"\n\"},{\"translate\":\"mech.manual.phase_boots.body\",\"color\":\"black\"},{\"text\":\"           \"},{\"text\":\"\uee0e\",\"clickEvent\":{\"action\":\"change_page\",\"value\":2}}]','[{\"text\":\"\",\"bold\":false,\"font\":\"mechanization:manual\",\"color\":\"white\"},{\"text\":\"\uee03\",\"hoverEvent\":{\"action\":\"show_text\",\"contents\":[ {\"translate\":\"mech.manual.recipe\"},{\"text\":\"\uef7d\",\"font\":\"mechanization:manual\"},{\"translate\":\"offset.-2\",\"font\":\"space:default\",\"with\":[ {\"text\":\"\uef7e\",\"font\":\"mechanization:manual\"}]},{\"text\":\"\n\n\n\n\n\n\"},{\"text\":\"\n x2 \"},{\"translate\":\"mech.plate.titanium_steel\"},{\"text\":\"\n x2 \"},{\"translate\":\"mech.rod.super_conductive\"},{\"text\":\"\n x1 \"},{\"translate\":\"mech.gear.reinforced_structural\"},{\"text\":\"\n x1 \"},{\"translate\":\"item.minecraft.elytra\"},{\"text\":\"\n x1 \"},{\"translate\":\"mech.gem.crystal_composite\"}]},\"clickEvent\":{\"action\":\"run_command\",\"value\":\"/trigger mech_manual set 4111\"}},{\"translate\":\"offset.-105\",\"font\":\"space:default\",\"with\":[ {\"text\":\"\uef7c\",\"font\":\"mechanization:manual\"}]},{\"translate\":\"offset.47\",\"font\":\"space:default\",\"with\":[ {\"text\":\"\uee04\",\"font\":\"mechanization:manual\"}]},{\"text\":\"\n\"},{\"translate\":\"mech.manual.jetpack.body\",\"color\":\"black\"},{\"text\":\"           \"},{\"text\":\"\uee0e\",\"clickEvent\":{\"action\":\"change_page\",\"value\":2}}]','[{\"text\":\"\",\"bold\":false,\"font\":\"mechanization:manual\",\"color\":\"white\"},{\"text\":\"\uee03\",\"hoverEvent\":{\"action\":\"show_text\",\"contents\":[ {\"translate\":\"mech.manual.recipe\"},{\"text\":\"\uef80\",\"font\":\"mechanization:manual\"},{\"translate\":\"offset.-2\",\"font\":\"space:default\",\"with\":[ {\"text\":\"\uef81\",\"font\":\"mechanization:manual\"}]},{\"text\":\"\n\n\n\n\n\n\"},{\"text\":\"\n x4 \"},{\"translate\":\"mech.rod.conductive\"},{\"text\":\"\n x3 \"},{\"translate\":\"block.minecraft.blue_ice\"}]},\"clickEvent\":{\"action\":\"run_command\",\"value\":\"/trigger mech_manual set 4216\"}},{\"translate\":\"offset.-105\",\"font\":\"space:default\",\"with\":[ {\"text\":\"\uef7f\",\"font\":\"mechanization:manual\"}]},{\"translate\":\"offset.47\",\"font\":\"space:default\",\"with\":[ {\"text\":\"\uee04\",\"font\":\"mechanization:manual\"}]},{\"text\":\"\n\"},{\"translate\":\"mech.manual.energized_heat_sink.body\",\"color\":\"black\"},{\"text\":\"           \"},{\"text\":\"\uee0e\",\"clickEvent\":{\"action\":\"change_page\",\"value\":2}}]','[{\"text\":\"\",\"bold\":false,\"font\":\"mechanization:manual\",\"color\":\"white\"},{\"text\":\"\uee03\",\"hoverEvent\":{\"action\":\"show_text\",\"contents\":[ {\"translate\":\"mech.manual.recipe\"},{\"text\":\"\uef83\",\"font\":\"mechanization:manual\"},{\"translate\":\"offset.-2\",\"font\":\"space:default\",\"with\":[ {\"text\":\"\uef84\",\"font\":\"mechanization:manual\"}]},{\"text\":\"\n\n\n\n\n\n\"},{\"text\":\"\n x4 \"},{\"translate\":\"block.minecraft.red_stained_glass\"},{\"text\":\"\n x2 \"},{\"translate\":\"mech.rod.reinforced_structural\"},{\"text\":\"\n x2 \"},{\"translate\":\"mech.ingot.reinforced_structural\"},{\"text\":\"\n x1 \"},{\"translate\":\"mech.rod.nether_alloy\"}]},\"clickEvent\":{\"action\":\"run_command\",\"value\":\"/trigger mech_manual set 4206\"}},{\"translate\":\"offset.-105\",\"font\":\"space:default\",\"with\":[ {\"text\":\"\uef82\",\"font\":\"mechanization:manual\"}]},{\"translate\":\"offset.47\",\"font\":\"space:default\",\"with\":[ {\"text\":\"\uee04\",\"font\":\"mechanization:manual\"}]},{\"text\":\"\n\"},{\"translate\":\"mech.manual.supercharged_chamber.body\",\"color\":\"black\"},{\"text\":\"           \"},{\"text\":\"\uee0e\",\"clickEvent\":{\"action\":\"change_page\",\"value\":2}}]','[{\"text\":\"\",\"bold\":false,\"font\":\"mechanization:manual\",\"color\":\"white\"},{\"text\":\"\uee03\",\"hoverEvent\":{\"action\":\"show_text\",\"contents\":[ {\"translate\":\"mech.manual.recipe\"},{\"text\":\"\uef86\",\"font\":\"mechanization:manual\"},{\"translate\":\"offset.-2\",\"font\":\"space:default\",\"with\":[ {\"text\":\"\uef87\",\"font\":\"mechanization:manual\"}]},{\"text\":\"\n\n\n\n\n\n\"},{\"text\":\"\n x4 \"},{\"translate\":\"block.minecraft.red_stained_glass\"},{\"text\":\"\n x2 \"},{\"translate\":\"mech.plate.redstone\"},{\"text\":\"\n x1 \"},{\"translate\":\"mech.rod.titanium_steel\"},{\"text\":\"\n x1 \"},{\"translate\":\"mech.gear.titanium_steel\"},{\"text\":\"\n x1 \"},{\"translate\":\"mech.rod.nether_alloy\"}]},\"clickEvent\":{\"action\":\"run_command\",\"value\":\"/trigger mech_manual set 4211\"}},{\"translate\":\"offset.-105\",\"font\":\"space:default\",\"with\":[ {\"text\":\"\uef85\",\"font\":\"mechanization:manual\"}]},{\"translate\":\"offset.47\",\"font\":\"space:default\",\"with\":[ {\"text\":\"\uee04\",\"font\":\"mechanization:manual\"}]},{\"text\":\"\n\"},{\"translate\":\"mech.manual.high_pressure_pump.body\",\"color\":\"black\"},{\"text\":\"           \"},{\"text\":\"\uee0e\",\"clickEvent\":{\"action\":\"change_page\",\"value\":2}}]','[{\"text\":\"\",\"bold\":false,\"font\":\"mechanization:manual\",\"color\":\"white\"},{\"text\":\"\uee03\",\"hoverEvent\":{\"action\":\"show_text\",\"contents\":[ {\"translate\":\"mech.manual.recipe\"},{\"text\":\"\uef89\",\"font\":\"mechanization:manual\"},{\"translate\":\"offset.-2\",\"font\":\"space:default\",\"with\":[ {\"text\":\"\uef8a\",\"font\":\"mechanization:manual\"}]},{\"text\":\"\n\n\n\n\n\n\"},{\"text\":\"\n x4 \"},{\"translate\":\"mech.ingot.super_conductive\"},{\"text\":\"\n x2 \"},{\"translate\":\"mech.rod.super_conductive\"},{\"text\":\"\n x1 \"},{\"translate\":\"mech.gem.crystal_composite\"}]},\"clickEvent\":{\"action\":\"run_command\",\"value\":\"/trigger mech_manual set 4202\"}},{\"translate\":\"offset.-105\",\"font\":\"space:default\",\"with\":[ {\"text\":\"\uef88\",\"font\":\"mechanization:manual\"}]},{\"translate\":\"offset.47\",\"font\":\"space:default\",\"with\":[ {\"text\":\"\uee04\",\"font\":\"mechanization:manual\"}]},{\"text\":\"\n\"},{\"translate\":\"mech.manual.long_barrel.body\",\"color\":\"black\"},{\"text\":\"           \"},{\"text\":\"\uee0e\",\"clickEvent\":{\"action\":\"change_page\",\"value\":2}}]','[{\"text\":\"\",\"bold\":false,\"font\":\"mechanization:manual\",\"color\":\"white\"},{\"text\":\"\uee03\",\"hoverEvent\":{\"action\":\"show_text\",\"contents\":[ {\"translate\":\"mech.manual.recipe\"},{\"text\":\"\uef98\",\"font\":\"mechanization:manual\"},{\"translate\":\"offset.-2\",\"font\":\"space:default\",\"with\":[ {\"text\":\"\uef99\",\"font\":\"mechanization:manual\"}]},{\"text\":\"\n\n\n\n\n\n\"},{\"text\":\"\n x4 \"},{\"translate\":\"mech.rod.conductive\"},{\"text\":\"\n x3 \"},{\"translate\":\"block.minecraft.blue_ice\"}]},\"clickEvent\":{\"action\":\"run_command\",\"value\":\"/trigger mech_manual set 4216\"}},{\"translate\":\"offset.-105\",\"font\":\"space:default\",\"with\":[ {\"text\":\"\uef97\",\"font\":\"mechanization:manual\"}]},{\"translate\":\"offset.47\",\"font\":\"space:default\",\"with\":[ {\"text\":\"\uee04\",\"font\":\"mechanization:manual\"}]},{\"text\":\"\n\"},{\"translate\":\"mech.manual.passive_heat_sink.body\",\"color\":\"black\"},{\"text\":\"           \"},{\"text\":\"\uee0e\",\"clickEvent\":{\"action\":\"change_page\",\"value\":2}}]','[{\"text\":\"\",\"bold\":false,\"font\":\"mechanization:manual\",\"color\":\"white\"},{\"text\":\"\uee03\",\"hoverEvent\":{\"action\":\"show_text\",\"contents\":[ {\"translate\":\"mech.manual.recipe\"},{\"text\":\"\uef8c\",\"font\":\"mechanization:manual\"},{\"translate\":\"offset.-2\",\"font\":\"space:default\",\"with\":[ {\"text\":\"\uef8d\",\"font\":\"mechanization:manual\"}]},{\"text\":\"\n\n\n\n\n\n\"},{\"text\":\"\n x4 \"},{\"translate\":\"block.minecraft.blue_stained_glass\"},{\"text\":\"\n x2 \"},{\"translate\":\"mech.rod.reinforced_structural\"},{\"text\":\"\n x2 \"},{\"translate\":\"mech.ingot.reinforced_structural\"},{\"text\":\"\n x1 \"},{\"translate\":\"mech.rod.ender_alloy\"}]},\"clickEvent\":{\"action\":\"run_command\",\"value\":\"/trigger mech_manual set 4207\"}},{\"translate\":\"offset.-105\",\"font\":\"space:default\",\"with\":[ {\"text\":\"\uef8b\",\"font\":\"mechanization:manual\"}]},{\"translate\":\"offset.47\",\"font\":\"space:default\",\"with\":[ {\"text\":\"\uee04\",\"font\":\"mechanization:manual\"}]},{\"text\":\"\n\"},{\"translate\":\"mech.manual.overclocked_chamber.body\",\"color\":\"black\"},{\"text\":\"           \"},{\"text\":\"\uee0e\",\"clickEvent\":{\"action\":\"change_page\",\"value\":2}}]','[{\"text\":\"\",\"bold\":false,\"font\":\"mechanization:manual\",\"color\":\"white\"},{\"text\":\"\uee03\",\"hoverEvent\":{\"action\":\"show_text\",\"contents\":[ {\"translate\":\"mech.manual.recipe\"},{\"text\":\"\uef8f\",\"font\":\"mechanization:manual\"},{\"translate\":\"offset.-2\",\"font\":\"space:default\",\"with\":[ {\"text\":\"\uef90\",\"font\":\"mechanization:manual\"}]},{\"text\":\"\n\n\n\n\n\n\"},{\"text\":\"\n x4 \"},{\"translate\":\"block.minecraft.blue_stained_glass\"},{\"text\":\"\n x2 \"},{\"translate\":\"mech.plate.redstone\"},{\"text\":\"\n x1 \"},{\"translate\":\"mech.rod.titanium_steel\"},{\"text\":\"\n x1 \"},{\"translate\":\"mech.gear.titanium_steel\"},{\"text\":\"\n x1 \"},{\"translate\":\"mech.rod.ender_alloy\"}]},\"clickEvent\":{\"action\":\"run_command\",\"value\":\"/trigger mech_manual set 4212\"}},{\"translate\":\"offset.-105\",\"font\":\"space:default\",\"with\":[ {\"text\":\"\uef8e\",\"font\":\"mechanization:manual\"}]},{\"translate\":\"offset.47\",\"font\":\"space:default\",\"with\":[ {\"text\":\"\uee04\",\"font\":\"mechanization:manual\"}]},{\"text\":\"\n\"},{\"translate\":\"mech.manual.accelerated_pump.body\",\"color\":\"black\"},{\"text\":\"           \"},{\"text\":\"\uee0e\",\"clickEvent\":{\"action\":\"change_page\",\"value\":2}}]','[{\"text\":\"\",\"bold\":false,\"font\":\"mechanization:manual\",\"color\":\"white\"},{\"text\":\"\uee03\",\"hoverEvent\":{\"action\":\"show_text\",\"contents\":[ {\"translate\":\"mech.manual.recipe\"},{\"text\":\"\uef92\",\"font\":\"mechanization:manual\"},{\"translate\":\"offset.-2\",\"font\":\"space:default\",\"with\":[ {\"text\":\"\uef93\",\"font\":\"mechanization:manual\"}]},{\"text\":\"\n\n\n\n\n\n\"},{\"text\":\"\n x3 \"},{\"translate\":\"mech.rod.super_conductive\"},{\"text\":\"\n x1 \"},{\"translate\":\"mech.ingot.super_conductive\"},{\"text\":\"\n x1 \"},{\"translate\":\"mech.gem.crystal_composite\"}]},\"clickEvent\":{\"action\":\"run_command\",\"value\":\"/trigger mech_manual set 4201\"}},{\"translate\":\"offset.-105\",\"font\":\"space:default\",\"with\":[ {\"text\":\"\uef91\",\"font\":\"mechanization:manual\"}]},{\"translate\":\"offset.47\",\"font\":\"space:default\",\"with\":[ {\"text\":\"\uee04\",\"font\":\"mechanization:manual\"}]},{\"text\":\"\n\"},{\"translate\":\"mech.manual.split_barrel.body\",\"color\":\"black\"},{\"text\":\"           \"},{\"text\":\"\uee0e\",\"clickEvent\":{\"action\":\"change_page\",\"value\":2}}]']}"
            }
          ]
        }
      ]
    }
  ]
}
