{
    "display": {
        "title": {
            "translate": "mech.advancements.electric_furnace.title",
			"color":"green"
        },
        "description": {
            "translate": "mech.advancements.electric_furnace.desc",
			"color":"dark_aqua"
        },
        "icon": {
            "item": "minecraft:blast_furnace",
            "nbt": "{CustomModelData:6422003}"
        },
        "frame": "task"
    },
    "criteria": {
        "have_battery_1": {
            "trigger": "minecraft:inventory_changed",
            "conditions": {
                "items": [{
                        "nbt": "{mech_itemid:2003}"
                    }
                ]
            }
        }
    },
    "parent": "mechanization:base/tier_1_battery"
}
