{
    "display": {
        "title": {
            "translate": "mech.advancements.tier_1_liquid_tank.title",
			"color":"green"
        },
        "description": {
            "translate": "mech.advancements.tier_1_liquid_tank.desc",
			"color":"dark_aqua"
        },
        "icon": {
            "item": "minecraft:blast_furnace",
            "nbt": "{CustomModelData:6422023}"
        },
        "frame": "task"
    },
    "criteria": {
        "have_battery_1": {
            "trigger": "minecraft:inventory_changed",
            "conditions": {
                "items": [{
                        "nbt": "{mech_itemid:2023}"
                    }
                ]
            }
        }
    },
    "parent": "mechanization:machines/tree_feller"
}
